Id,Predicted
0,4
1,2
10,6
100,6
1000,0
1001,7
1002,7
1003,1
1004,5
1005,5
1006,1
1007,5
1008,0
1009,8
101,8
1010,0
1011,5
1012,5
1013,7
1014,6
1015,5
1016,2
1017,2
1018,5
1019,0
102,5
1020,0
1021,5
1022,8
1023,0
1024,5
1025,7
1026,7
1027,0
1028,0
1029,0
103,8
1030,7
1031,0
1032,7
1033,1
1034,0
1035,1
1036,2
1037,0
1038,2
1039,7
104,2
1040,0
1041,1
1042,5
1043,5
1044,5
1045,0
1046,0
1047,0
1048,0
1049,0
105,2
1050,5
1051,7
1052,7
1053,0
1054,0
1055,5
1056,0
1057,7
1058,1
1059,5
106,6
1060,5
1061,5
1062,2
1063,8
1064,5
1065,0
1066,0
1067,0
1068,0
1069,5
107,5
1070,0
1071,0
1072,0
1073,5
1074,5
1075,0
1076,5
1077,0
1078,7
1079,0
108,3
1080,5
1081,0
1082,0
1083,7
1084,0
1085,8
1086,7
1087,5
1088,0
1089,5
109,5
1090,1
1091,5
1092,7
1093,0
1094,8
1095,0
1096,0
1097,0
1098,5
1099,8
11,4
110,2
1100,5
1101,0
1102,7
1103,6
1104,0
1105,5
1106,5
1107,2
1108,0
1109,5
111,5
1110,4
1111,0
1112,6
1113,7
1114,7
1115,2
1116,7
1117,8
1118,0
1119,0
112,2
1120,7
1121,7
1122,0
1123,0
1124,0
1125,0
1126,0
1127,7
1128,5
1129,7
113,5
1130,5
1131,0
1132,1
1133,0
1134,0
1135,0
1136,0
1137,0
1138,0
1139,0
114,2
1140,1
1141,7
1142,2
1143,0
1144,0
1145,7
1146,3
1147,0
1148,0
1149,5
115,0
1150,5
1151,5
1152,0
1153,0
1154,6
1155,0
1156,0
1157,0
1158,7
1159,7
116,2
1160,0
1161,8
1162,1
1163,2
1164,0
1165,0
1166,0
1167,5
1168,0
1169,0
117,5
1170,0
1171,6
1172,7
1173,3
1174,0
1175,0
1176,0
1177,8
1178,7
1179,0
118,5
1180,1
1181,0
1182,0
1183,5
1184,0
1185,0
1186,0
1187,0
1188,0
1189,4
119,6
1190,7
1191,7
1192,2
1193,0
1194,5
1195,0
1196,5
1197,0
1198,0
1199,0
12,2
120,5
1200,5
1201,0
1202,5
1203,0
1204,8
1205,1
1206,0
1207,7
1208,5
1209,7
121,0
1210,0
1211,8
1212,1
1213,4
1214,0
1215,0
1216,7
1217,5
1218,7
1219,0
122,5
1220,5
1221,2
1222,5
1223,5
1224,5
1225,5
1226,0
1227,5
1228,5
1229,0
123,6
1230,8
1231,0
1232,0
1233,5
1234,0
1235,5
1236,0
1237,5
1238,5
1239,0
124,3
1240,0
1241,0
1242,0
1243,0
1244,5
1245,7
1246,0
1247,0
1248,0
1249,5
125,2
1250,0
1251,5
1252,5
1253,0
1254,0
1255,5
1256,7
1257,1
1258,7
1259,7
126,6
1260,5
1261,5
1262,0
1263,4
1264,4
1265,1
1266,5
1267,0
1268,0
1269,0
127,4
1270,0
1271,8
1272,5
1273,0
1274,0
1275,1
1276,0
1277,5
1278,0
1279,5
128,6
1280,7
1281,0
1282,0
1283,6
1284,0
1285,0
1286,5
1287,0
1288,6
1289,5
129,6
1290,5
1291,5
1292,7
1293,0
1294,5
1295,5
1296,5
1297,5
1298,0
1299,0
13,6
130,6
1300,5
1301,5
1302,0
1303,0
1304,0
1305,0
1306,0
1307,0
1308,7
1309,6
131,5
1310,6
1311,1
1312,0
1313,7
1314,7
1315,0
1316,0
1317,1
1318,5
1319,5
132,6
1320,0
1321,0
1322,0
1323,7
1324,2
1325,0
1326,7
1327,1
1328,0
1329,5
133,6
1330,1
1331,5
1332,6
1333,0
1334,0
1335,1
1336,6
1337,0
1338,8
1339,0
134,5
1340,0
1341,0
1342,4
1343,0
1344,5
1345,0
1346,5
1347,2
1348,0
1349,0
135,0
1350,3
1351,0
1352,0
1353,0
1354,0
1355,0
1356,8
1357,5
1358,5
1359,0
136,5
1360,0
1361,2
1362,2
1363,0
1364,0
1365,5
1366,5
1367,6
1368,0
1369,0
137,2
1370,4
1371,6
1372,0
1373,1
1374,0
1375,0
1376,0
1377,7
1378,5
1379,5
138,6
1380,5
1381,5
1382,2
1383,0
1384,5
1385,1
1386,0
1387,0
1388,6
1389,0
139,5
1390,5
1391,0
1392,8
1393,0
1394,8
1395,0
1396,0
1397,0
1398,0
1399,4
14,2
140,6
1400,0
1401,5
1402,7
1403,7
1404,2
1405,1
1406,5
1407,0
1408,5
1409,5
141,6
1410,0
1411,0
1412,5
1413,2
1414,5
1415,0
1416,7
1417,0
1418,0
1419,0
142,0
1420,0
1421,0
1422,0
1423,7
1424,0
1425,7
1426,7
1427,8
1428,0
1429,5
143,5
1430,5
1431,7
1432,0
1433,5
1434,5
1435,2
1436,5
1437,0
1438,8
1439,5
144,6
1440,7
1441,0
1442,5
1443,0
1444,7
1445,0
1446,0
1447,0
1448,5
1449,4
145,2
1450,6
1451,0
1452,5
1453,5
1454,5
1455,0
1456,0
1457,5
1458,0
1459,1
146,5
1460,7
1461,5
1462,5
1463,7
1464,1
1465,2
1466,0
1467,0
1468,7
1469,0
147,6
1470,5
1471,5
1472,0
1473,0
1474,1
1475,6
1476,5
1477,3
1478,0
1479,8
148,5
1480,0
1481,0
1482,7
1483,5
1484,0
1485,5
1486,7
1487,7
1488,5
1489,5
149,8
1490,5
1491,5
1492,7
1493,1
1494,5
1495,6
1496,0
1497,0
1498,0
1499,7
15,5
150,5
1500,6
1501,5
1502,7
1503,5
1504,2
1505,7
1506,5
1507,7
1508,4
1509,0
151,5
1510,0
1511,5
1512,7
1513,4
1514,0
1515,7
1516,0
1517,7
1518,2
1519,2
152,1
1520,0
1521,5
1522,2
1523,5
1524,5
1525,5
1526,0
1527,4
1528,5
1529,5
153,2
1530,1
1531,0
1532,5
1533,8
1534,7
1535,0
1536,0
1537,0
1538,0
1539,7
154,2
1540,7
1541,0
1542,5
1543,7
1544,5
1545,5
1546,7
1547,0
1548,5
1549,0
155,2
1550,6
1551,2
1552,5
1553,0
1554,5
1555,0
1556,2
1557,0
1558,0
1559,5
156,4
1560,0
1561,0
1562,0
1563,5
1564,0
1565,0
1566,0
1567,5
1568,0
1569,0
157,2
1570,0
1571,8
1572,5
1573,6
1574,0
1575,5
1576,2
1577,0
1578,0
1579,0
158,2
1580,7
1581,2
1582,5
1583,5
1584,7
1585,0
1586,8
1587,0
1588,5
1589,5
159,0
1590,0
1591,0
1592,6
1593,5
1594,5
1595,0
1596,0
1597,0
1598,5
1599,5
16,0
160,2
1600,0
1601,5
1602,5
1603,2
1604,0
1605,6
1606,0
1607,0
1608,0
1609,0
161,0
1610,5
1611,5
1612,0
1613,0
1614,0
1615,0
1616,0
1617,5
1618,0
1619,0
162,2
1620,5
1621,0
1622,8
1623,7
1624,7
1625,0
1626,8
1627,5
1628,0
1629,0
163,1
1630,1
1631,5
1632,5
1633,0
1634,0
1635,5
1636,7
1637,5
1638,0
1639,5
164,5
1640,0
1641,1
1642,7
1643,7
1644,0
1645,5
1646,0
1647,0
1648,5
1649,0
165,5
1650,7
1651,5
1652,5
1653,5
1654,5
1655,7
1656,5
1657,7
1658,0
1659,0
166,2
1660,0
1661,0
1662,5
1663,0
1664,5
1665,5
1666,0
1667,5
1668,7
1669,7
167,5
1670,5
1671,7
1672,7
1673,5
1674,0
1675,0
1676,5
1677,0
1678,4
1679,0
168,2
1680,5
1681,5
1682,0
1683,0
1684,0
1685,5
1686,0
1687,8
1688,0
1689,7
169,2
1690,2
1691,5
1692,0
1693,5
1694,5
1695,5
1696,5
1697,7
1698,4
1699,5
17,6
170,6
1700,5
1701,1
1702,5
1703,5
1704,0
1705,5
1706,0
1707,0
1708,0
1709,0
171,5
1710,5
1711,0
1712,5
1713,8
1714,0
1715,5
1716,7
1717,5
1718,0
1719,0
172,5
1720,5
1721,5
1722,0
1723,5
1724,7
1725,0
1726,0
1727,5
1728,0
1729,4
173,5
1730,4
1731,0
1732,7
1733,0
1734,7
1735,7
1736,5
1737,7
1738,6
1739,5
174,1
1740,5
1741,0
1742,5
1743,0
1744,7
1745,0
1746,0
1747,5
1748,0
1749,0
175,5
1750,5
1751,7
1752,5
1753,5
1754,0
1755,0
1756,0
1757,7
1758,7
1759,5
176,5
1760,5
1761,5
1762,0
1763,5
1764,2
1765,2
1766,2
1767,7
1768,0
1769,0
177,5
1770,4
1771,0
1772,6
1773,5
1774,0
1775,0
1776,0
1777,0
1778,4
1779,5
178,5
1780,6
1781,0
1782,5
1783,0
1784,5
1785,5
1786,0
1787,0
1788,5
1789,7
179,2
1790,0
1791,0
1792,8
1793,0
1794,0
1795,0
1796,5
1797,2
1798,5
1799,5
18,5
180,6
1800,0
1801,7
1802,5
1803,0
1804,0
1805,0
1806,7
1807,0
1808,7
1809,0
181,1
1810,4
1811,0
1812,0
1813,0
1814,5
1815,5
1816,5
1817,7
1818,5
1819,0
182,6
1820,1
1821,0
1822,6
1823,0
1824,0
1825,0
1826,0
1827,0
1828,0
1829,0
183,2
1830,0
1831,0
1832,5
1833,8
1834,0
1835,5
1836,5
1837,5
1838,7
1839,0
184,2
1840,0
1841,0
1842,5
1843,2
1844,0
1845,0
1846,0
1847,0
1848,7
1849,5
185,6
1850,5
1851,4
1852,5
1853,0
1854,7
1855,1
1856,2
1857,0
1858,0
1859,7
186,5
1860,0
1861,7
1862,7
1863,5
1864,5
1865,0
1866,5
1867,0
1868,5
1869,0
187,5
1870,6
1871,7
1872,0
1873,5
1874,1
1875,5
1876,5
1877,1
1878,2
1879,5
188,5
1880,2
1881,5
1882,0
1883,0
1884,0
1885,0
1886,1
1887,6
1888,2
1889,0
189,5
1890,2
1891,5
1892,0
1893,0
1894,1
1895,7
1896,7
1897,7
1898,5
1899,0
19,3
190,5
1900,0
1901,5
1902,7
1903,2
1904,4
1905,5
1906,0
1907,2
1908,0
1909,5
191,6
1910,0
1911,7
1912,0
1913,7
1914,7
1915,0
1916,5
1917,0
1918,3
1919,7
192,2
1920,0
1921,0
1922,0
1923,0
1924,4
1925,5
1926,0
1927,6
1928,0
1929,7
193,2
1930,2
1931,0
1932,7
1933,5
1934,0
1935,1
1936,4
1937,4
1938,0
1939,0
194,5
1940,0
1941,1
1942,7
1943,0
1944,5
1945,0
1946,8
1947,2
1948,6
1949,5
195,2
1950,4
1951,6
1952,0
1953,5
1954,5
1955,0
1956,8
1957,5
1958,0
1959,0
196,5
1960,5
1961,5
1962,5
1963,0
1964,2
1965,0
1966,0
1967,0
1968,0
1969,2
197,6
1970,0
1971,7
1972,7
1973,0
1974,0
1975,0
1976,6
1977,7
1978,0
1979,5
198,0
1980,1
1981,5
1982,5
1983,5
1984,0
1985,0
1986,5
1987,0
1988,2
1989,5
199,0
1990,5
1991,7
1992,0
1993,0
1994,5
1995,0
1996,0
1997,0
1998,1
1999,5
2,2
20,0
200,5
2000,0
2001,0
2002,5
2003,0
2004,0
2005,5
2006,1
2007,0
2008,6
2009,7
201,0
2010,0
2011,0
2012,5
2013,0
2014,0
2015,5
2016,5
2017,0
2018,5
2019,5
202,2
2020,0
2021,5
2022,2
2023,1
2024,5
2025,2
2026,0
2027,0
2028,0
2029,5
203,4
2030,5
2031,2
2032,0
2033,0
2034,5
2035,7
2036,0
2037,0
2038,5
2039,2
204,6
2040,7
2041,1
2042,0
2043,2
2044,0
2045,7
2046,0
2047,0
2048,5
2049,0
205,0
2050,5
2051,0
2052,8
2053,5
2054,5
2055,5
2056,2
2057,8
2058,7
2059,1
206,2
2060,2
2061,0
2062,0
2063,3
2064,6
2065,0
2066,5
2067,5
2068,7
2069,0
207,5
2070,5
2071,8
2072,5
2073,0
2074,4
2075,0
2076,5
2077,0
2078,0
2079,2
208,0
2080,5
2081,6
2082,7
2083,5
2084,0
2085,5
2086,5
2087,5
2088,0
2089,8
209,0
2090,5
2091,0
2092,6
2093,6
2094,2
2095,7
2096,0
2097,5
2098,0
2099,2
21,0
210,6
2100,5
2101,0
2102,4
2103,7
2104,0
2105,0
2106,5
2107,0
2108,5
2109,0
211,2
2110,0
2111,5
2112,0
2113,0
2114,0
2115,7
2116,0
2117,5
2118,0
2119,5
212,6
2120,7
2121,0
2122,7
2123,5
2124,0
2125,2
2126,0
2127,0
2128,5
2129,0
213,0
2130,0
2131,0
2132,0
2133,5
2134,0
2135,4
2136,0
2137,5
2138,0
2139,2
214,0
2140,7
2141,0
2142,5
2143,5
2144,5
2145,0
2146,0
2147,7
2148,0
2149,0
215,2
2150,0
2151,5
2152,0
2153,7
2154,6
2155,0
2156,0
2157,5
2158,0
2159,0
216,2
2160,0
2161,0
2162,8
2163,0
2164,0
2165,5
2166,7
2167,2
2168,5
2169,0
217,5
2170,0
2171,0
2172,7
2173,0
2174,0
2175,5
2176,5
2177,0
2178,5
2179,1
218,5
2180,7
2181,5
2182,7
2183,7
2184,1
2185,6
2186,0
2187,0
2188,0
2189,0
219,5
2190,0
2191,0
2192,0
2193,4
2194,5
2195,0
2196,7
2197,5
2198,0
2199,7
22,2
220,4
2200,7
2201,7
2202,0
2203,0
2204,0
2205,5
2206,0
2207,7
2208,0
2209,5
221,0
2210,5
2211,0
2212,0
2213,0
2214,5
2215,5
2216,4
2217,0
2218,0
2219,0
222,2
2220,8
2221,0
2222,5
2223,6
2224,5
2225,0
2226,8
2227,0
2228,0
2229,8
223,5
2230,8
2231,8
2232,8
2233,5
2234,0
2235,8
2236,8
2237,5
2238,0
2239,0
224,5
2240,5
2241,8
2242,0
2243,0
2244,8
2245,0
2246,8
2247,6
2248,8
2249,8
225,6
2250,0
2251,0
2252,0
2253,8
2254,8
2255,6
2256,1
2257,5
2258,0
2259,0
226,6
2260,8
2261,6
2262,5
2263,5
2264,0
2265,5
2266,0
2267,0
2268,0
2269,5
227,2
2270,0
2271,5
2272,0
2273,7
2274,5
2275,5
2276,8
2277,4
2278,5
2279,7
228,5
2280,5
2281,5
2282,4
2283,7
2284,8
2285,5
2286,5
2287,0
2288,0
2289,0
229,0
2290,0
2291,8
2292,0
2293,5
2294,0
2295,8
2296,5
2297,5
2298,0
2299,6
23,2
230,2
2300,0
2301,0
2302,0
2303,5
2304,5
2305,0
2306,7
2307,0
2308,0
2309,1
231,2
2310,8
2311,6
2312,8
2313,8
2314,5
2315,5
2316,5
2317,8
2318,0
2319,8
232,6
2320,0
2321,0
2322,0
2323,5
2324,5
2325,0
2326,0
2327,8
2328,8
2329,5
233,2
2330,4
2331,8
2332,5
2333,0
2334,5
2335,0
2336,8
2337,5
2338,5
2339,0
234,2
2340,5
2341,0
2342,5
2343,5
2344,8
2345,8
2346,0
2347,0
2348,5
2349,0
235,1
2350,0
2351,5
2352,5
2353,5
2354,0
2355,0
2356,0
2357,8
2358,5
2359,0
236,5
2360,5
2361,0
2362,0
2363,0
2364,4
2365,5
2366,0
2367,5
2368,0
2369,0
237,6
2370,0
2371,5
2372,8
2373,1
2374,0
2375,2
2376,5
2377,5
2378,5
2379,5
238,6
2380,5
2381,0
2382,0
2383,0
2384,3
2385,0
2386,8
2387,8
2388,7
2389,5
239,5
2390,8
2391,7
2392,0
2393,0
2394,5
2395,8
2396,7
2397,0
2398,0
2399,8
24,2
240,2
2400,8
2401,5
2402,5
2403,0
2404,0
2405,0
2406,8
2407,8
2408,5
2409,0
241,2
2410,0
2411,5
2412,0
2413,8
2414,5
2415,8
2416,8
2417,8
2418,0
2419,8
242,5
2420,0
2421,5
2422,5
2423,0
2424,1
2425,5
2426,1
2427,5
2428,0
2429,8
243,4
2430,5
2431,5
2432,0
2433,5
2434,0
2435,8
2436,5
2437,0
2438,8
2439,7
244,2
2440,5
2441,8
2442,0
2443,0
2444,6
2445,2
2446,0
2447,8
2448,6
2449,0
245,3
2450,5
2451,5
2452,1
2453,5
2454,8
2455,8
2456,8
2457,0
2458,1
2459,0
246,2
2460,0
2461,0
2462,5
2463,5
2464,0
2465,5
2466,8
2467,5
2468,0
2469,5
247,6
2470,5
2471,0
2472,2
2473,0
2474,0
2475,0
2476,8
2477,8
2478,8
2479,8
248,6
2480,5
2481,8
2482,0
2483,8
2484,0
2485,8
2486,5
2487,0
2488,8
2489,0
249,0
2490,8
2491,5
2492,0
2493,6
2494,0
2495,0
2496,5
2497,8
2498,5
2499,0
25,6
250,6
2500,0
2501,5
2502,0
2503,5
2504,0
2505,0
2506,0
2507,8
2508,8
2509,0
251,1
2510,8
2511,0
2512,8
2513,5
2514,5
2515,0
2516,7
2517,0
2518,5
2519,5
252,0
2520,0
2521,0
2522,5
2523,5
2524,8
2525,0
2526,0
2527,0
2528,8
2529,5
253,7
2530,5
2531,0
2532,0
2533,8
2534,8
2535,5
2536,8
2537,8
2538,0
2539,5
254,6
2540,8
2541,0
2542,5
2543,0
2544,0
2545,4
2546,5
2547,0
2548,0
2549,5
255,2
2550,0
2551,8
2552,8
2553,8
2554,8
2555,0
2556,8
2557,5
2558,0
2559,0
256,5
2560,5
2561,0
2562,5
2563,0
2564,8
2565,0
2566,5
2567,0
2568,1
2569,0
257,0
2570,0
2571,1
2572,0
2573,6
2574,5
2575,0
2576,8
2577,0
2578,0
2579,0
258,6
2580,2
2581,5
2582,0
2583,0
2584,0
2585,0
2586,0
2587,8
2588,0
2589,5
259,2
2590,0
2591,0
2592,5
2593,8
2594,5
2595,0
2596,5
2597,8
2598,2
2599,0
26,1
260,5
2600,5
2601,5
2602,8
2603,1
2604,5
2605,0
2606,0
2607,1
2608,0
2609,0
261,5
2610,8
2611,0
2612,5
2613,5
2614,0
2615,0
2616,5
2617,0
2618,5
2619,0
262,2
2620,8
2621,5
2622,0
2623,0
2624,7
2625,5
2626,8
2627,0
2628,8
2629,0
263,5
2630,5
2631,5
2632,5
2633,0
2634,5
2635,0
2636,8
2637,0
2638,0
2639,8
264,2
2640,0
2641,2
2642,0
2643,5
2644,8
2645,0
2646,0
2647,8
2648,4
2649,5
265,2
2650,8
2651,5
2652,0
2653,7
2654,2
2655,0
2656,0
2657,0
2658,0
2659,2
266,6
2660,0
2661,5
2662,5
2663,0
2664,0
2665,5
2666,7
2667,0
2668,8
2669,5
267,5
2670,4
2671,0
2672,5
2673,0
2674,0
2675,8
2676,8
2677,0
2678,8
2679,0
268,6
2680,5
2681,2
2682,5
2683,5
2684,0
2685,2
2686,5
2687,5
2688,7
2689,5
269,5
2690,1
2691,0
2692,0
2693,7
2694,8
2695,5
2696,5
2697,5
2698,8
2699,8
27,2
270,5
2700,5
2701,5
2702,7
2703,7
2704,1
2705,0
2706,0
2707,0
2708,5
2709,0
271,2
2710,5
2711,5
2712,0
2713,8
2714,5
2715,0
2716,5
2717,1
2718,8
2719,5
272,6
2720,0
2721,1
2722,4
2723,7
2724,5
2725,8
2726,0
2727,5
2728,1
2729,5
273,7
2730,5
2731,0
2732,0
2733,1
2734,2
2735,5
2736,0
2737,8
2738,0
2739,5
274,5
2740,5
2741,0
2742,5
2743,5
2744,1
2745,7
2746,0
2747,5
2748,8
2749,8
275,5
2750,5
2751,1
2752,8
2753,0
2754,2
2755,0
2756,0
2757,0
2758,0
2759,7
276,2
2760,0
2761,5
2762,5
2763,5
2764,0
2765,0
2766,0
2767,8
2768,8
2769,2
277,0
2770,0
2771,0
2772,0
2773,5
2774,0
2775,0
2776,0
2777,5
2778,2
2779,0
278,0
2780,5
2781,0
2782,8
2783,5
2784,5
2785,8
2786,4
2787,5
2788,0
2789,0
279,2
2790,6
2791,0
2792,5
2793,0
2794,8
2795,8
2796,5
2797,0
2798,0
2799,8
28,0
280,7
2800,0
2801,8
2802,0
2803,5
2804,0
2805,5
2806,8
2807,0
2808,8
2809,5
281,7
2810,4
2811,0
2812,6
2813,0
2814,0
2815,8
2816,2
2817,0
2818,8
2819,5
282,2
2820,1
2821,0
2822,8
2823,0
2824,1
2825,8
2826,3
2827,0
2828,2
2829,1
283,7
2830,8
2831,0
2832,5
2833,0
2834,0
2835,0
2836,0
2837,0
2838,2
2839,0
284,2
2840,0
2841,0
2842,0
2843,0
2844,5
2845,0
2846,0
2847,5
2848,0
2849,0
285,5
2850,5
2851,0
2852,0
2853,0
2854,0
2855,5
2856,0
2857,0
2858,8
2859,0
286,5
2860,8
2861,5
2862,1
2863,8
2864,5
2865,0
2866,0
2867,0
2868,0
2869,0
287,7
2870,4
2871,0
2872,0
2873,0
2874,0
2875,0
2876,0
2877,6
2878,0
2879,2
288,2
2880,5
2881,0
2882,8
2883,5
2884,0
2885,0
2886,6
2887,0
2888,5
2889,0
289,0
2890,8
2891,5
2892,8
2893,0
2894,0
2895,5
2896,0
2897,8
2898,8
2899,8
29,7
290,5
2900,8
2901,7
2902,0
2903,4
2904,5
2905,8
2906,0
2907,8
2908,8
2909,8
291,0
2910,7
2911,8
2912,7
2913,7
2914,5
2915,0
2916,0
2917,0
2918,1
2919,5
292,5
2920,5
2921,5
2922,8
2923,0
2924,8
2925,6
2926,5
2927,8
2928,0
2929,0
293,5
2930,0
2931,8
2932,0
2933,5
2934,5
2935,0
2936,6
2937,0
2938,5
2939,8
294,2
2940,0
2941,2
2942,0
2943,0
2944,0
2945,5
2946,5
2947,0
2948,5
2949,0
295,5
2950,5
2951,7
2952,8
2953,5
2954,7
2955,0
2956,8
2957,0
2958,0
2959,8
296,5
2960,0
2961,5
2962,8
2963,5
2964,8
2965,0
2966,8
2967,0
2968,5
2969,5
297,0
2970,0
2971,1
2972,5
2973,5
2974,0
2975,8
2976,0
2977,0
2978,5
2979,0
298,5
2980,5
2981,0
2982,5
2983,8
2984,8
2985,0
2986,8
2987,8
2988,5
2989,0
299,2
2990,0
2991,0
2992,0
2993,8
2994,8
2995,5
2996,0
2997,5
2998,2
2999,5
3,5
30,6
300,2
3000,0
3001,0
3002,0
3003,0
3004,0
3005,5
3006,0
3007,0
3008,5
3009,0
301,7
3010,5
3011,7
3012,0
3013,5
3014,8
3015,0
3016,0
3017,0
3018,5
3019,0
302,2
3020,0
3021,0
3022,5
3023,5
3024,5
3025,8
3026,0
3027,0
3028,5
3029,8
303,1
3030,4
3031,0
3032,8
3033,4
3034,0
3035,0
3036,0
3037,5
3038,0
3039,0
304,0
3040,7
3041,6
3042,0
3043,0
3044,5
3045,0
3046,0
3047,0
3048,0
3049,5
305,5
3050,8
3051,0
3052,1
3053,0
3054,5
3055,5
3056,0
3057,7
3058,5
3059,0
306,2
3060,0
3061,8
3062,8
3063,0
3064,1
3065,8
3066,5
3067,5
3068,2
3069,0
307,5
3070,0
3071,8
3072,8
3073,5
3074,8
3075,0
3076,0
3077,0
3078,8
3079,5
308,1
3080,0
3081,7
3082,5
3083,8
3084,8
3085,5
3086,5
3087,8
3088,0
3089,0
309,7
3090,2
3091,5
3092,0
3093,0
3094,8
3095,5
3096,7
3097,8
3098,0
3099,8
31,7
310,7
3100,7
3101,8
3102,0
3103,3
3104,0
3105,3
3106,0
3107,7
3108,8
3109,0
311,5
3110,1
3111,2
3112,7
3113,0
3114,0
3115,0
3116,8
3117,5
3118,0
3119,0
312,8
3120,5
3121,0
3122,0
3123,5
3124,0
3125,1
3126,0
3127,0
3128,5
3129,0
313,5
3130,0
3131,0
3132,5
3133,0
3134,5
3135,0
3136,8
3137,5
3138,0
3139,5
314,7
3140,5
3141,2
3142,8
3143,5
3144,0
3145,0
3146,0
3147,0
3148,0
3149,0
315,5
3150,5
3151,8
3152,5
3153,0
3154,1
3155,5
3156,6
3157,0
3158,0
3159,0
316,5
3160,5
3161,0
3162,8
3163,0
3164,0
3165,1
3166,0
3167,0
3168,5
3169,8
317,7
3170,6
3171,8
3172,1
3173,5
3174,0
3175,0
3176,5
3177,0
3178,0
3179,8
318,7
3180,8
3181,0
3182,0
3183,6
3184,0
3185,5
3186,8
3187,5
3188,7
3189,7
319,5
3190,8
3191,8
3192,0
3193,5
3194,0
3195,5
3196,2
3197,0
3198,5
3199,5
32,2
320,5
3200,0
3201,5
3202,6
3203,0
3204,5
3205,0
3206,0
3207,0
3208,6
3209,8
321,1
3210,8
3211,0
3212,5
3213,0
3214,8
3215,8
3216,0
3217,0
3218,0
3219,5
322,2
3220,5
3221,5
3222,8
3223,0
3224,1
3225,5
3226,0
3227,0
3228,0
3229,0
323,2
3230,8
3231,5
3232,0
3233,8
3234,2
3235,0
3236,7
3237,6
3238,8
3239,5
324,5
3240,0
3241,0
3242,8
3243,6
3244,0
3245,4
3246,0
3247,5
3248,0
3249,0
325,2
3250,8
3251,5
3252,5
3253,8
3254,8
3255,5
3256,8
3257,0
3258,8
3259,0
326,5
3260,2
3261,0
3262,0
3263,0
3264,0
3265,6
3266,5
3267,0
3268,0
3269,5
327,7
3270,1
3271,0
3272,5
3273,7
3274,1
3275,4
3276,0
3277,5
3278,8
3279,8
328,5
3280,0
3281,7
3282,5
3283,8
3284,0
3285,0
3286,0
3287,7
3288,6
3289,0
329,2
3290,8
3291,0
3292,1
3293,0
3294,0
3295,7
3296,0
3297,1
3298,0
3299,4
33,6
330,5
3300,5
3301,0
3302,5
3303,8
3304,1
3305,1
3306,0
3307,0
3308,0
3309,8
331,2
3310,1
3311,5
3312,8
3313,1
3314,8
3315,0
3316,1
3317,1
3318,1
3319,0
332,2
3320,0
3321,0
3322,8
3323,1
3324,5
3325,1
3326,1
3327,0
3328,1
3329,1
333,1
3330,0
3331,8
3332,0
3333,8
3334,0
3335,1
3336,0
3337,0
3338,8
3339,1
334,5
3340,8
3341,1
3342,0
3343,5
3344,2
3345,1
3346,0
3347,1
3348,0
3349,0
335,2
3350,5
3351,1
3352,0
3353,0
3354,1
3355,8
3356,0
3357,0
3358,0
3359,0
336,5
3360,1
3361,0
3362,1
3363,8
3364,0
3365,0
3366,1
3367,0
3368,0
3369,0
337,5
3370,8
3371,0
3372,8
3373,0
3374,0
3375,3
3376,7
3377,0
3378,1
3379,1
338,5
3380,0
3381,0
3382,0
3383,0
3384,1
3385,0
3386,7
3387,0
3388,0
3389,2
339,5
3390,8
3391,0
3392,8
3393,1
3394,0
3395,1
3396,8
3397,0
3398,8
3399,8
34,7
340,4
3400,0
3401,1
3402,8
3403,8
3404,1
3405,5
3406,0
3407,8
3408,1
3409,8
341,7
3410,0
3411,0
3412,1
3413,1
3414,8
3415,8
3416,6
3417,1
3418,0
3419,0
342,2
3420,8
3421,0
3422,0
3423,8
3424,5
3425,1
3426,0
3427,0
3428,0
3429,5
343,1
3430,0
3431,1
3432,5
3433,1
3434,1
3435,0
3436,2
3437,1
3438,5
3439,0
344,2
3440,0
3441,1
3442,1
3443,0
3444,8
3445,0
3446,0
3447,8
3448,0
3449,8
345,5
3450,7
3451,2
3452,1
3453,0
3454,0
3455,8
3456,0
3457,0
3458,0
3459,1
346,8
3460,0
3461,8
3462,0
3463,1
3464,5
3465,1
3466,8
3467,8
3468,0
3469,0
347,2
3470,8
3471,0
3472,0
3473,0
3474,0
3475,0
3476,0
3477,7
3478,1
3479,0
348,6
3480,0
3481,1
3482,5
3483,0
3484,0
3485,1
3486,1
3487,6
3488,0
3489,7
349,0
3490,0
3491,8
3492,5
3493,0
3494,1
3495,0
3496,1
3497,0
3498,0
3499,0
35,5
350,4
3500,1
3501,8
3502,1
3503,0
3504,6
3505,0
3506,0
3507,8
3508,5
3509,6
351,5
3510,0
3511,0
3512,1
3513,8
3514,0
3515,1
3516,0
3517,7
3518,0
3519,0
352,5
3520,0
3521,8
3522,1
3523,0
3524,1
3525,8
3526,0
3527,0
3528,7
3529,0
353,2
3530,0
3531,0
3532,1
3533,8
3534,5
3535,1
3536,1
3537,0
3538,8
3539,0
354,7
3540,0
3541,1
3542,8
3543,8
3544,8
3545,8
3546,8
3547,0
3548,1
3549,7
355,4
3550,1
3551,0
3552,0
3553,8
3554,8
3555,1
3556,0
3557,0
3558,0
3559,0
356,5
3560,0
3561,0
3562,0
3563,0
3564,1
3565,0
3566,0
3567,1
3568,0
3569,5
357,7
3570,1
3571,5
3572,6
3573,0
3574,8
3575,1
3576,0
3577,5
3578,0
3579,8
358,0
3580,1
3581,0
3582,0
3583,8
3584,1
3585,0
3586,0
3587,0
3588,0
3589,5
359,2
3590,8
3591,0
3592,5
3593,0
3594,1
3595,0
3596,7
3597,8
3598,0
3599,0
36,6
360,2
3600,1
3601,5
3602,1
3603,0
3604,0
3605,8
3606,5
3607,0
3608,1
3609,1
361,8
3610,8
3611,0
3612,1
3613,0
3614,0
3615,0
3616,0
3617,8
3618,1
3619,8
362,5
3620,0
3621,1
3622,1
3623,8
3624,0
3625,3
3626,0
3627,8
3628,1
3629,8
363,5
3630,0
3631,7
3632,0
3633,0
3634,1
3635,8
3636,8
3637,8
3638,1
3639,5
364,0
3640,1
3641,1
3642,0
3643,0
3644,1
3645,8
3646,4
3647,5
3648,1
3649,1
365,2
3650,0
3651,0
3652,5
3653,1
3654,0
3655,8
3656,8
3657,1
3658,1
3659,6
366,5
3660,5
3661,0
3662,5
3663,5
3664,0
3665,0
3666,0
3667,0
3668,8
3669,1
367,5
3670,8
3671,1
3672,0
3673,0
3674,0
3675,8
3676,8
3677,0
3678,8
3679,0
368,2
3680,0
3681,1
3682,0
3683,7
3684,7
3685,1
3686,8
3687,8
3688,8
3689,1
369,5
3690,0
3691,0
3692,0
3693,0
3694,0
3695,0
3696,0
3697,0
3698,0
3699,8
37,0
370,1
3700,8
3701,0
3702,1
3703,2
3704,0
3705,1
3706,0
3707,1
3708,8
3709,8
371,1
3710,2
3711,0
3712,0
3713,2
3714,8
3715,1
3716,1
3717,1
3718,6
3719,5
372,5
3720,0
3721,7
3722,0
3723,6
3724,0
3725,8
3726,8
3727,0
3728,8
3729,8
373,7
3730,1
3731,0
3732,0
3733,0
3734,6
3735,1
3736,0
3737,8
3738,7
3739,1
374,1
3740,4
3741,0
3742,1
3743,8
3744,8
3745,1
3746,0
3747,7
3748,1
3749,0
375,5
3750,0
3751,1
3752,0
3753,0
3754,0
3755,0
3756,8
3757,0
3758,8
3759,0
376,2
3760,0
3761,0
3762,1
3763,1
3764,0
3765,1
3766,0
3767,0
3768,0
3769,0
377,2
3770,1
3771,0
3772,0
3773,0
3774,0
3775,1
3776,0
3777,1
3778,1
3779,8
378,2
3780,0
3781,7
3782,0
3783,0
3784,0
3785,5
3786,0
3787,0
3788,0
3789,0
379,5
3790,0
3791,1
3792,0
3793,0
3794,0
3795,0
3796,0
3797,0
3798,6
3799,8
38,2
380,2
3800,8
3801,8
3802,0
3803,0
3804,0
3805,0
3806,8
3807,1
3808,1
3809,1
381,7
3810,0
3811,7
3812,0
3813,0
3814,0
3815,0
3816,8
3817,1
3818,0
3819,0
382,5
3820,0
3821,0
3822,1
3823,1
3824,1
3825,0
3826,0
3827,1
3828,8
3829,7
383,5
3830,0
3831,8
3832,1
3833,6
3834,0
3835,1
3836,8
3837,1
3838,8
3839,0
384,4
3840,0
3841,0
3842,0
3843,1
3844,0
3845,1
3846,5
3847,0
3848,0
3849,1
385,6
3850,1
3851,1
3852,1
3853,1
3854,5
3855,5
3856,8
3857,0
3858,8
3859,8
386,5
3860,0
3861,0
3862,1
3863,0
3864,0
3865,0
3866,1
3867,0
3868,0
3869,0
387,5
3870,8
3871,1
3872,0
3873,7
3874,2
3875,0
3876,1
3877,0
3878,1
3879,0
388,0
3880,8
3881,0
3882,1
3883,1
3884,0
3885,0
3886,4
3887,0
3888,0
3889,0
389,5
3890,8
3891,1
3892,1
3893,0
3894,1
3895,2
3896,1
3897,8
3898,1
3899,8
39,6
390,7
3900,1
3901,0
3902,0
3903,0
3904,0
3905,0
3906,0
3907,1
3908,0
3909,1
391,2
3910,1
3911,0
3912,8
3913,1
3914,0
3915,1
3916,0
3917,1
3918,5
3919,0
392,5
3920,0
3921,8
3922,0
3923,8
3924,0
3925,1
3926,0
3927,8
3928,8
3929,1
393,8
3930,1
3931,0
3932,0
3933,1
3934,3
3935,7
3936,0
3937,1
3938,1
3939,1
394,5
3940,0
3941,8
3942,0
3943,0
3944,0
3945,7
3946,0
3947,0
3948,8
3949,0
395,5
3950,0
3951,0
3952,5
3953,0
3954,8
3955,0
3956,2
3957,0
3958,0
3959,0
396,5
3960,0
3961,1
3962,1
3963,5
3964,1
3965,8
3966,0
3967,0
3968,8
3969,1
397,4
3970,1
3971,0
3972,0
3973,0
3974,1
3975,7
3976,0
3977,0
3978,5
3979,0
398,2
3980,8
3981,0
3982,0
3983,0
3984,0
3985,1
3986,0
3987,1
3988,1
3989,0
399,2
3990,0
3991,8
3992,0
3993,0
3994,0
3995,1
3996,0
3997,5
3998,0
3999,0
4,5
40,2
400,4
4000,0
4001,5
4002,0
4003,1
4004,1
4005,1
4006,0
4007,1
4008,5
4009,6
401,8
4010,0
4011,1
4012,0
4013,0
4014,0
4015,1
4016,5
4017,7
4018,5
4019,0
402,5
4020,1
4021,4
4022,0
4023,5
4024,5
4025,1
4026,0
4027,0
4028,0
4029,0
403,2
4030,4
4031,5
4032,0
4033,1
4034,0
4035,0
4036,7
4037,5
4038,1
4039,0
404,5
4040,3
4041,5
4042,5
4043,8
4044,0
4045,2
4046,1
4047,5
4048,0
4049,5
405,1
4050,5
4051,1
4052,0
4053,0
4054,1
4055,1
4056,5
4057,0
4058,1
4059,1
406,2
4060,5
4061,1
4062,1
4063,2
4064,1
4065,1
4066,5
4067,5
4068,0
4069,0
407,5
4070,0
4071,5
4072,5
4073,5
4074,0
4075,0
4076,7
4077,0
4078,1
4079,5
408,7
4080,0
4081,3
4082,0
4083,5
4084,1
4085,0
4086,0
4087,0
4088,5
4089,5
409,2
4090,6
4091,0
4092,0
4093,0
4094,1
4095,1
4096,0
4097,1
4098,5
4099,0
41,6
410,5
4100,5
4101,0
4102,0
4103,1
4104,1
4105,0
4106,4
4107,5
4108,0
4109,0
411,2
4110,0
4111,5
4112,1
4113,5
4114,5
4115,5
4116,5
4117,0
4118,5
4119,5
412,4
4120,0
4121,5
4122,0
4123,1
4124,5
4125,0
4126,5
4127,5
4128,7
4129,0
413,2
4130,0
4131,1
4132,0
4133,0
4134,5
4135,5
4136,2
4137,1
4138,4
4139,1
414,2
4140,0
4141,5
4142,0
4143,0
4144,5
4145,0
4146,1
4147,0
4148,0
4149,5
415,5
4150,1
4151,5
4152,1
4153,7
4154,1
4155,0
4156,5
4157,0
4158,5
4159,0
416,7
4160,0
4161,6
4162,5
4163,0
4164,5
4165,0
4166,0
4167,5
4168,1
4169,0
417,2
4170,5
4171,5
4172,0
4173,0
4174,0
4175,0
4176,6
4177,5
4178,0
4179,0
418,3
4180,2
4181,1
4182,1
4183,0
4184,0
4185,5
4186,0
4187,0
4188,5
4189,0
419,5
4190,1
4191,6
4192,5
4193,5
4194,0
4195,5
4196,0
4197,2
4198,0
4199,1
42,5
420,1
4200,2
4201,5
4202,5
4203,0
4204,1
4205,5
4206,1
4207,0
4208,1
4209,5
421,0
4210,1
4211,1
4212,0
4213,0
4214,0
4215,0
4216,0
4217,0
4218,1
4219,0
422,5
4220,0
4221,0
4222,0
4223,1
4224,3
4225,0
4226,5
4227,1
4228,0
4229,1
423,5
4230,0
4231,5
4232,0
4233,0
4234,5
4235,1
4236,0
4237,0
4238,8
4239,5
424,7
4240,0
4241,5
4242,7
4243,0
4244,5
4245,5
4246,5
4247,0
4248,5
4249,0
425,2
4250,0
4251,1
4252,0
4253,1
4254,2
4255,0
4256,0
4257,1
4258,1
4259,0
426,5
4260,0
4261,5
4262,1
4263,0
4264,1
4265,1
4266,5
4267,0
4268,6
4269,0
427,5
4270,5
4271,6
4272,0
4273,5
4274,0
4275,6
4276,0
4277,0
4278,1
4279,5
428,5
4280,5
4281,1
4282,0
4283,0
4284,7
4285,4
4286,1
4287,5
4288,0
4289,0
429,5
4290,5
4291,1
4292,1
4293,0
4294,0
4295,0
4296,0
4297,6
4298,0
4299,0
43,6
430,2
4300,0
4301,0
4302,5
4303,5
4304,0
4305,0
4306,0
4307,1
4308,5
4309,1
431,7
4310,5
4311,4
4312,0
4313,5
4314,0
4315,0
4316,5
4317,4
4318,5
4319,5
432,5
4320,1
4321,1
4322,0
4323,0
4324,5
4325,5
4326,1
4327,0
4328,1
4329,0
433,7
4330,5
4331,0
4332,5
4333,5
4334,1
4335,0
4336,1
4337,0
4338,2
4339,1
434,7
4340,5
4341,7
4342,0
4343,6
4344,0
4345,1
4346,5
4347,0
4348,5
4349,5
435,5
4350,0
4351,5
4352,0
4353,0
4354,0
4355,5
4356,0
4357,0
4358,5
4359,0
436,5
4360,0
4361,1
4362,0
4363,5
4364,1
4365,0
4366,0
4367,1
4368,1
4369,5
437,7
4370,1
4371,1
4372,6
4373,5
4374,1
4375,0
4376,0
4377,0
4378,1
4379,0
438,2
4380,5
4381,0
4382,0
4383,1
4384,5
4385,0
4386,2
4387,0
4388,5
4389,1
439,0
4390,0
4391,0
4392,1
4393,5
4394,0
4395,2
4396,5
4397,0
4398,1
4399,5
44,6
440,0
4400,0
4401,0
4402,0
4403,0
4404,5
4405,4
4406,0
4407,1
4408,0
4409,0
441,8
4410,5
4411,1
4412,0
4413,0
4414,0
4415,5
4416,5
4417,5
4418,5
4419,0
442,0
4420,5
4421,0
4422,1
4423,1
4424,0
4425,0
4426,1
4427,5
4428,5
4429,0
443,5
4430,0
4431,5
4432,5
4433,0
4434,1
4435,5
4436,0
4437,0
4438,0
4439,5
444,1
4440,0
4441,5
4442,0
4443,0
4444,0
4445,5
4446,0
4447,1
4448,1
4449,0
445,0
4450,0
4451,6
4452,0
4453,5
4454,0
4455,6
4456,0
4457,0
4458,0
4459,1
446,5
4460,8
4461,0
4462,0
4463,0
4464,0
4465,0
4466,0
4467,5
4468,1
4469,0
447,5
4470,0
4471,0
4472,1
4473,0
4474,0
4475,0
4476,7
4477,1
4478,4
4479,5
448,0
4480,0
4481,0
4482,0
4483,0
4484,0
4485,0
4486,5
4487,0
4488,5
4489,2
449,2
4490,1
4491,5
4492,1
4493,0
4494,1
4495,7
4496,5
4497,1
4498,0
4499,5
45,0
450,7
4500,1
4501,0
4502,5
4503,0
4504,0
4505,0
4506,0
4507,1
4508,1
4509,7
451,2
4510,1
4511,5
4512,0
4513,5
4514,5
4515,0
4516,1
4517,1
4518,0
4519,0
452,2
4520,0
4521,0
4522,2
4523,0
4524,1
4525,1
4526,5
4527,0
4528,1
4529,0
453,1
4530,0
4531,0
4532,1
4533,4
4534,0
4535,0
4536,1
4537,6
4538,0
4539,0
454,7
4540,2
4541,0
4542,5
4543,5
4544,0
4545,0
4546,0
4547,1
4548,0
4549,1
455,5
4550,5
4551,5
4552,0
4553,7
4554,0
4555,0
4556,1
4557,5
4558,0
4559,5
456,5
4560,0
4561,5
4562,0
4563,1
4564,1
4565,0
4566,0
4567,1
4568,0
4569,0
457,5
4570,5
4571,0
4572,0
4573,1
4574,1
4575,5
4576,2
4577,5
4578,0
4579,5
458,2
4580,0
4581,1
4582,5
4583,1
4584,0
4585,0
4586,5
4587,1
4588,6
4589,1
459,2
4590,1
4591,4
4592,0
4593,5
4594,1
4595,5
4596,1
4597,1
4598,1
4599,0
46,2
460,2
4600,0
4601,1
4602,0
4603,0
4604,1
4605,5
4606,0
4607,0
4608,0
4609,1
461,0
4610,5
4611,1
4612,1
4613,1
4614,0
4615,1
4616,5
4617,0
4618,1
4619,1
462,5
4620,0
4621,0
4622,2
4623,0
4624,5
4625,5
4626,5
4627,8
4628,5
4629,0
463,5
4630,0
4631,5
4632,1
4633,1
4634,1
4635,5
4636,0
4637,0
4638,0
4639,5
464,8
4640,0
4641,8
4642,0
4643,5
4644,0
4645,0
4646,1
4647,0
4648,1
4649,0
465,2
4650,0
4651,5
4652,0
4653,0
4654,0
4655,0
4656,1
4657,1
4658,0
4659,5
466,8
4660,0
4661,1
4662,1
4663,0
4664,7
4665,5
4666,5
4667,0
4668,5
4669,0
467,5
4670,1
4671,1
4672,1
4673,0
4674,1
4675,0
4676,5
4677,0
4678,5
4679,0
468,5
4680,1
4681,1
4682,0
4683,5
4684,0
4685,5
4686,0
4687,0
4688,0
4689,1
469,0
4690,5
4691,5
4692,1
4693,5
4694,0
4695,0
4696,1
4697,0
4698,1
4699,1
47,2
470,5
4700,0
4701,5
4702,2
4703,0
4704,1
4705,0
4706,5
4707,0
4708,0
4709,1
471,8
4710,0
4711,1
4712,5
4713,1
4714,1
4715,0
4716,0
4717,1
4718,5
4719,4
472,2
4720,0
4721,5
4722,1
4723,5
4724,5
4725,5
4726,8
4727,0
4728,8
4729,0
473,5
4730,2
4731,0
4732,0
4733,3
4734,1
4735,0
4736,0
4737,0
4738,5
4739,0
474,2
4740,0
4741,5
4742,0
4743,5
4744,5
4745,6
4746,0
4747,0
4748,0
4749,0
475,5
4750,0
4751,0
4752,5
4753,0
4754,5
4755,1
4756,1
4757,0
4758,0
4759,5
476,7
4760,1
4761,1
4762,5
4763,1
4764,4
4765,5
4766,1
4767,0
4768,5
4769,0
477,8
4770,3
4771,0
4772,0
4773,1
4774,0
4775,0
4776,0
4777,5
4778,0
4779,0
478,2
4780,5
4781,0
4782,5
4783,0
4784,5
4785,5
4786,0
4787,5
4788,2
4789,1
479,7
4790,0
4791,0
4792,1
4793,5
4794,1
4795,0
4796,1
4797,2
4798,0
4799,0
48,0
480,5
4800,5
4801,1
4802,7
4803,1
4804,5
4805,1
4806,0
4807,0
4808,1
4809,1
481,2
4810,1
4811,1
4812,8
4813,0
4814,1
4815,0
4816,0
4817,1
4818,1
4819,1
482,7
4820,0
4821,1
4822,1
4823,6
4824,5
4825,1
4826,1
4827,1
4828,0
4829,1
483,5
4830,0
4831,0
4832,5
4833,0
4834,1
4835,1
4836,0
4837,1
4838,0
4839,0
484,1
4840,0
4841,5
4842,0
4843,0
4844,1
4845,1
4846,1
4847,5
4848,1
4849,1
485,7
4850,1
4851,5
4852,0
4853,5
4854,1
4855,1
4856,0
4857,1
4858,0
4859,6
486,5
4860,1
4861,0
4862,8
4863,1
4864,5
4865,1
4866,0
4867,1
4868,0
4869,7
487,8
4870,6
4871,0
4872,0
4873,1
4874,5
4875,0
4876,0
4877,0
4878,0
4879,1
488,4
4880,7
4881,1
4882,0
4883,0
4884,1
4885,0
4886,1
4887,1
4888,0
4889,1
489,5
4890,0
4891,0
4892,0
4893,1
4894,1
4895,0
4896,6
4897,1
4898,1
4899,0
49,0
490,2
4900,0
4901,0
4902,0
4903,5
4904,1
4905,0
4906,0
4907,0
4908,0
4909,1
491,5
4910,0
4911,1
4912,1
4913,5
4914,1
4915,0
4916,1
4917,0
4918,0
4919,6
492,2
4920,8
4921,1
4922,1
4923,0
4924,1
4925,1
4926,0
4927,1
4928,0
4929,0
493,5
4930,1
4931,0
4932,1
4933,0
4934,0
4935,0
4936,0
4937,1
4938,0
4939,0
494,5
4940,0
4941,0
4942,1
4943,3
4944,0
4945,0
4946,1
4947,0
4948,2
4949,1
495,2
4950,1
4951,4
4952,1
4953,1
4954,1
4955,1
4956,1
4957,5
4958,1
4959,1
496,2
4960,0
4961,0
4962,5
4963,1
4964,5
4965,5
4966,0
4967,1
4968,0
4969,1
497,2
4970,1
4971,1
4972,5
4973,1
4974,0
4975,5
4976,0
4977,1
4978,0
4979,0
498,5
4980,5
4981,0
4982,0
4983,0
4984,4
4985,0
4986,0
4987,5
4988,0
4989,8
499,5
4990,1
4991,1
4992,0
4993,0
4994,1
4995,0
4996,1
4997,5
4998,1
4999,1
5,6
50,0
500,5
5000,0
5001,0
5002,1
5003,1
5004,0
5005,1
5006,0
5007,1
5008,0
5009,1
501,0
5010,0
5011,0
5012,1
5013,1
5014,1
5015,1
5016,0
5017,0
5018,1
5019,0
502,5
5020,0
5021,0
5022,0
5023,1
5024,0
5025,1
5026,1
5027,8
5028,1
5029,1
503,5
5030,0
5031,2
5032,0
5033,1
5034,0
5035,0
5036,0
5037,0
5038,1
5039,0
504,5
5040,0
5041,1
5042,0
5043,1
5044,0
5045,0
5046,1
5047,1
5048,5
5049,1
505,2
5050,1
5051,0
5052,0
5053,7
5054,0
5055,0
5056,4
5057,1
5058,0
5059,1
506,4
5060,0
5061,0
5062,1
5063,6
5064,7
5065,1
5066,0
5067,5
5068,1
5069,1
507,7
5070,0
5071,8
5072,2
5073,0
5074,0
5075,0
5076,1
5077,0
5078,0
5079,0
508,6
5080,1
5081,1
5082,4
5083,0
5084,1
5085,0
5086,1
5087,1
5088,0
5089,1
509,5
5090,1
5091,1
5092,0
5093,2
5094,1
5095,4
5096,0
5097,1
5098,0
5099,0
51,6
510,5
5100,1
5101,1
5102,0
5103,6
5104,0
5105,0
5106,0
5107,1
5108,1
5109,1
511,2
5110,4
5111,5
5112,0
5113,1
5114,0
5115,1
5116,1
5117,1
5118,6
5119,8
512,5
5120,0
5121,1
5122,0
5123,5
5124,0
5125,0
5126,0
5127,1
5128,0
5129,0
513,0
5130,1
5131,1
5132,1
5133,0
5134,0
5135,0
5136,0
5137,1
5138,0
5139,0
514,0
5140,0
5141,0
5142,5
5143,1
5144,1
5145,0
5146,0
5147,1
5148,1
5149,0
515,5
5150,1
5151,0
5152,0
5153,1
5154,0
5155,8
5156,0
5157,0
5158,0
5159,0
516,2
5160,1
5161,1
5162,1
5163,0
5164,5
5165,0
5166,0
5167,0
5168,1
5169,2
517,2
5170,0
5171,1
5172,1
5173,0
5174,1
5175,1
5176,1
5177,0
5178,1
5179,1
518,8
5180,0
5181,1
5182,1
5183,0
5184,0
5185,0
5186,2
5187,1
5188,5
5189,1
519,7
5190,1
5191,1
5192,0
5193,1
5194,1
5195,1
5196,1
5197,2
5198,0
5199,0
52,5
520,5
5200,0
5201,1
5202,0
5203,1
5204,1
5205,0
5206,0
5207,2
5208,0
5209,0
521,2
5210,6
5211,0
5212,0
5213,0
5214,5
5215,1
5216,1
5217,1
5218,1
5219,0
522,2
5220,1
5221,1
5222,0
5223,1
5224,0
5225,5
5226,1
5227,0
5228,0
5229,1
523,2
5230,0
5231,8
5232,0
5233,1
5234,5
5235,0
5236,1
5237,0
5238,0
5239,0
524,0
5240,0
5241,0
5242,0
5243,0
5244,8
5245,1
5246,5
5247,6
5248,1
5249,0
525,5
5250,1
5251,0
5252,0
5253,0
5254,1
5255,0
5256,0
5257,1
5258,0
5259,1
526,5
5260,1
5261,5
5262,0
5263,1
5264,0
5265,0
5266,0
5267,1
5268,0
5269,1
527,4
5270,0
5271,1
5272,1
5273,1
5274,1
5275,1
5276,0
5277,1
5278,0
5279,8
528,7
5280,5
5281,0
5282,1
5283,1
5284,1
5285,0
5286,0
5287,1
5288,0
5289,1
529,2
5290,1
5291,5
5292,1
5293,0
5294,1
5295,1
5296,1
5297,0
5298,1
5299,1
53,1
530,5
5300,4
5301,1
5302,1
5303,1
5304,1
5305,0
5306,1
5307,1
5308,0
5309,5
531,7
5310,0
5311,0
5312,1
5313,0
5314,0
5315,0
5316,1
5317,0
5318,7
5319,1
532,7
5320,0
5321,1
5322,0
5323,0
5324,5
5325,0
5326,0
5327,0
5328,5
5329,0
533,5
5330,4
5331,0
5332,1
5333,1
5334,1
5335,0
5336,0
5337,5
5338,5
5339,1
534,0
5340,0
5341,0
5342,0
5343,1
5344,6
5345,0
5346,1
5347,0
5348,5
5349,0
535,2
5350,1
5351,1
5352,1
5353,0
5354,5
5355,1
5356,0
5357,1
5358,1
5359,2
536,0
5360,0
5361,0
5362,6
5363,0
5364,0
5365,0
5366,1
5367,1
5368,1
5369,1
537,5
5370,0
5371,1
5372,0
5373,0
5374,0
5375,0
5376,0
5377,1
5378,0
5379,2
538,5
5380,0
5381,0
5382,1
5383,1
5384,0
5385,0
5386,5
5387,5
5388,1
5389,0
539,2
5390,1
5391,1
5392,0
5393,0
5394,1
5395,0
5396,1
5397,1
5398,0
5399,1
54,5
540,2
5400,7
5401,0
5402,2
5403,0
5404,1
5405,1
5406,1
5407,1
5408,0
5409,0
541,7
5410,0
5411,0
5412,0
5413,1
5414,0
5415,0
5416,1
5417,0
5418,5
5419,0
542,7
5420,1
5421,1
5422,5
5423,5
5424,0
5425,0
5426,1
5427,0
5428,0
5429,1
543,5
5430,1
5431,1
5432,1
5433,1
5434,0
5435,0
5436,0
5437,1
5438,0
5439,1
544,7
5440,5
5441,1
5442,0
5443,1
5444,6
5445,1
5446,0
5447,1
5448,1
5449,1
545,0
5450,1
5451,1
5452,0
5453,0
5454,1
5455,1
5456,1
5457,1
5458,4
5459,1
546,5
5460,1
5461,0
5462,1
5463,0
5464,2
5465,1
5466,0
5467,1
5468,5
5469,0
547,2
5470,0
5471,1
5472,8
5473,1
5474,5
5475,1
5476,5
5477,0
5478,0
5479,0
548,7
5480,0
5481,0
5482,1
5483,1
5484,5
5485,1
5486,1
5487,0
5488,0
5489,1
549,1
5490,6
5491,0
5492,0
5493,1
5494,5
5495,1
5496,2
5497,0
5498,1
5499,5
55,6
550,2
5500,0
5501,1
5502,2
5503,0
5504,0
5505,1
5506,0
5507,6
5508,0
5509,1
551,4
5510,0
5511,1
5512,1
5513,0
5514,0
5515,4
5516,1
5517,0
5518,1
5519,1
552,8
5520,1
5521,5
5522,1
5523,0
5524,6
5525,0
5526,1
5527,1
5528,1
5529,0
553,5
5530,1
5531,0
5532,5
5533,1
5534,1
5535,0
5536,1
5537,1
5538,0
5539,1
554,5
5540,0
5541,1
5542,0
5543,1
5544,1
5545,5
5546,0
5547,0
5548,1
5549,1
555,7
5550,0
5551,5
5552,1
5553,1
5554,5
5555,0
5556,4
5557,0
5558,1
5559,8
556,5
5560,0
5561,0
5562,0
5563,2
5564,1
5565,0
5566,0
5567,1
5568,1
5569,0
557,1
5570,1
5571,0
5572,0
5573,5
5574,0
5575,1
5576,0
5577,1
5578,1
5579,0
558,5
5580,0
5581,1
5582,1
5583,1
5584,1
5585,0
5586,0
5587,1
5588,1
5589,3
559,7
5590,1
5591,0
5592,1
5593,0
5594,0
5595,1
5596,0
5597,1
5598,7
5599,1
56,6
560,2
5600,1
5601,0
5602,6
5603,1
5604,6
5605,0
5606,8
5607,0
5608,1
5609,0
561,5
5610,1
5611,1
5612,0
5613,0
5614,1
5615,0
5616,0
5617,5
5618,1
5619,1
562,2
5620,2
5621,0
5622,0
5623,1
5624,1
5625,1
5626,0
5627,0
5628,1
5629,0
563,2
5630,5
5631,0
5632,1
5633,0
5634,0
5635,1
5636,1
5637,0
5638,0
5639,0
564,7
5640,0
5641,0
5642,1
5643,1
5644,0
5645,0
5646,0
5647,1
5648,1
5649,8
565,5
5650,4
5651,1
5652,0
5653,1
5654,1
5655,5
5656,6
5657,5
5658,1
5659,0
566,0
5660,0
5661,3
5662,1
5663,5
5664,0
5665,0
5666,5
5667,1
5668,2
5669,1
567,5
5670,0
5671,0
5672,5
5673,0
5674,0
5675,3
5676,0
5677,0
5678,1
5679,0
568,0
5680,1
5681,0
5682,1
5683,1
5684,0
5685,5
5686,0
5687,1
5688,0
5689,0
569,0
5690,0
5691,1
5692,0
5693,0
5694,1
5695,0
5696,0
5697,1
5698,0
5699,0
57,5
570,7
5700,0
5701,0
5702,0
5703,3
5704,5
5705,0
5706,5
5707,1
5708,0
5709,0
571,2
5710,0
5711,0
5712,1
5713,1
5714,0
5715,0
5716,2
5717,1
5718,0
5719,1
572,5
5720,0
5721,1
5722,5
5723,0
5724,1
5725,0
5726,0
5727,0
5728,0
5729,0
573,1
5730,1
5731,0
5732,0
5733,1
5734,1
5735,7
5736,0
5737,1
5738,2
5739,0
574,2
5740,0
5741,1
5742,1
5743,0
5744,1
5745,1
5746,1
5747,1
5748,1
5749,0
575,5
5750,1
5751,1
5752,1
5753,1
5754,1
5755,0
5756,0
5757,1
5758,1
5759,1
576,2
5760,1
5761,1
5762,1
5763,0
5764,5
5765,0
5766,0
5767,1
5768,0
5769,1
577,5
5770,1
5771,1
5772,1
5773,0
5774,1
5775,1
5776,0
5777,0
5778,0
5779,0
578,5
5780,1
5781,0
5782,1
5783,0
5784,0
5785,0
5786,5
5787,1
5788,5
5789,1
579,7
5790,2
5791,0
5792,0
5793,0
5794,0
5795,5
5796,0
5797,2
5798,0
5799,5
58,6
580,5
5800,1
5801,0
5802,1
5803,1
5804,1
5805,0
5806,1
5807,5
5808,0
5809,1
581,3
5810,5
5811,1
5812,1
5813,0
5814,0
5815,1
5816,5
5817,1
5818,7
5819,0
582,5
5820,0
5821,1
5822,1
5823,1
5824,5
5825,0
5826,1
5827,1
5828,0
5829,1
583,7
5830,0
5831,0
5832,1
5833,4
5834,0
5835,0
5836,0
5837,0
5838,7
5839,1
584,0
5840,8
5841,1
5842,1
5843,1
5844,0
5845,1
5846,0
5847,1
5848,0
5849,1
585,0
5850,1
5851,1
5852,0
5853,0
5854,1
5855,1
5856,0
5857,0
5858,1
5859,5
586,5
5860,1
5861,1
5862,0
5863,1
5864,0
5865,0
5866,5
5867,2
5868,1
5869,2
587,7
5870,1
5871,1
5872,1
5873,0
5874,1
5875,1
5876,5
5877,0
5878,1
5879,1
588,7
5880,0
5881,5
5882,1
5883,0
5884,0
5885,0
5886,1
5887,0
5888,0
5889,6
589,7
5890,1
5891,1
5892,0
5893,0
5894,6
5895,6
5896,5
5897,0
5898,0
5899,0
59,0
590,5
5900,1
5901,1
5902,0
5903,1
5904,2
5905,1
5906,0
5907,1
5908,1
5909,5
591,5
5910,0
5911,1
5912,0
5913,1
5914,0
5915,1
5916,0
5917,0
5918,2
5919,0
592,2
5920,0
5921,0
5922,6
5923,0
5924,0
5925,3
5926,5
5927,5
5928,1
5929,5
593,7
5930,8
5931,0
5932,0
5933,5
5934,1
5935,0
5936,5
5937,1
5938,7
5939,0
594,5
5940,0
5941,0
5942,5
5943,0
5944,0
5945,6
5946,5
5947,1
5948,7
5949,0
595,0
5950,1
5951,1
5952,0
5953,8
5954,0
5955,1
5956,0
5957,1
5958,0
5959,0
596,0
5960,0
5961,1
5962,1
5963,0
5964,3
5965,0
5966,0
5967,1
5968,5
5969,0
597,0
5970,0
5971,0
5972,6
5973,1
5974,0
5975,1
5976,0
5977,1
5978,1
5979,0
598,1
5980,0
5981,0
5982,0
5983,0
5984,3
5985,8
5986,0
5987,0
5988,1
5989,7
599,5
5990,0
5991,0
5992,5
5993,0
5994,0
5995,0
5996,0
5997,0
5998,0
5999,1
6,6
60,2
600,0
6000,0
6001,1
6002,0
6003,1
6004,7
6005,1
6006,0
6007,0
6008,0
6009,6
601,1
6010,0
6011,0
6012,1
6013,0
6014,0
6015,8
6016,1
6017,0
6018,6
6019,0
602,5
6020,1
6021,0
6022,0
6023,6
6024,1
6025,0
6026,1
6027,3
6028,0
6029,0
603,2
6030,7
6031,0
6032,0
6033,0
6034,0
6035,1
6036,1
6037,4
6038,0
6039,1
604,7
6040,0
6041,1
6042,5
6043,0
6044,1
6045,1
6046,0
6047,0
6048,0
6049,1
605,5
6050,1
6051,0
6052,1
6053,1
6054,0
6055,5
6056,0
6057,0
6058,2
6059,0
606,7
6060,0
6061,1
6062,1
6063,0
6064,1
6065,0
6066,0
6067,0
6068,0
6069,0
607,7
6070,1
6071,0
6072,0
6073,0
6074,1
6075,0
6076,1
6077,5
6078,1
6079,0
608,0
6080,1
6081,1
6082,0
6083,0
6084,0
6085,1
6086,1
6087,8
6088,1
6089,3
609,2
6090,1
6091,0
6092,6
6093,1
6094,0
6095,3
6096,5
6097,0
6098,6
6099,1
61,5
610,5
6100,3
6101,0
6102,0
6103,5
6104,5
6105,0
6106,0
6107,0
6108,5
6109,6
611,2
6110,1
6111,1
6112,8
6113,3
6114,0
6115,1
6116,3
6117,7
6118,1
6119,0
612,1
6120,7
6121,0
6122,1
6123,7
6124,1
6125,1
6126,0
6127,2
6128,2
6129,7
613,7
6130,4
6131,5
6132,5
6133,0
6134,1
6135,1
6136,2
6137,2
6138,2
6139,0
614,7
6140,2
6141,5
6142,0
6143,5
6144,0
6145,0
6146,0
6147,1
6148,7
6149,0
615,7
6150,1
6151,5
6152,1
6153,0
6154,8
6155,1
6156,1
6157,1
6158,0
6159,5
616,2
6160,1
6161,5
6162,0
6163,0
6164,0
6165,4
6166,4
6167,2
6168,2
6169,4
617,0
6170,2
6171,4
6172,5
6173,4
6174,4
6175,4
6176,4
6177,0
6178,4
6179,1
618,5
6180,2
6181,1
6182,5
6183,5
6184,1
6185,4
6186,1
6187,4
6188,0
6189,4
619,5
6190,8
6191,4
6192,4
6193,5
6194,2
6195,4
6196,0
6197,2
6198,2
6199,2
62,5
620,0
6200,2
6201,2
6202,0
6203,1
6204,7
6205,4
6206,1
6207,4
6208,2
6209,2
621,5
6210,1
6211,1
6212,4
6213,2
6214,4
6215,1
6216,4
6217,4
6218,1
6219,2
622,7
6220,2
6221,1
6222,4
6223,0
6224,1
6225,4
6226,1
6227,1
6228,5
6229,7
623,0
6230,1
6231,1
6232,5
6233,0
6234,4
6235,1
6236,4
6237,4
6238,4
6239,5
624,5
6240,2
6241,1
6242,4
6243,5
6244,4
6245,1
6246,8
6247,4
6248,4
6249,4
625,5
6250,2
6251,1
6252,4
6253,2
6254,2
6255,2
6256,2
6257,0
6258,2
6259,4
626,5
6260,4
6261,6
6262,4
6263,0
6264,4
6265,4
6266,0
6267,1
6268,1
6269,4
627,5
6270,4
6271,2
6272,1
6273,4
6274,1
6275,4
6276,4
6277,6
6278,2
6279,1
628,7
6280,4
6281,1
6282,1
6283,1
6284,0
6285,4
6286,0
6287,1
6288,5
6289,1
629,2
6290,4
6291,1
6292,1
6293,1
6294,4
6295,4
6296,4
6297,4
6298,2
6299,4
63,6
630,1
6300,2
6301,5
6302,4
6303,0
6304,2
6305,2
6306,1
6307,4
6308,0
6309,5
631,0
6310,4
6311,5
6312,4
6313,5
6314,4
6315,0
6316,0
6317,0
6318,4
6319,2
632,0
6320,4
6321,5
6322,1
6323,4
6324,4
6325,4
6326,2
6327,2
6328,0
6329,2
633,0
6330,2
6331,1
6332,1
6333,5
6334,1
6335,5
6336,1
6337,0
6338,2
6339,1
634,0
6340,6
6341,4
6342,4
6343,2
6344,2
6345,5
6346,7
6347,4
6348,2
6349,0
635,2
6350,0
6351,1
6352,0
6353,4
6354,0
6355,1
6356,2
6357,4
6358,2
6359,0
636,8
6360,4
6361,5
6362,1
6363,0
6364,1
6365,4
6366,2
6367,1
6368,4
6369,4
637,5
6370,4
6371,1
6372,2
6373,2
6374,8
6375,1
6376,0
6377,4
6378,1
6379,7
638,5
6380,4
6381,4
6382,1
6383,0
6384,4
6385,5
6386,4
6387,4
6388,1
6389,4
639,2
6390,5
6391,2
6392,1
6393,4
6394,4
6395,5
6396,7
6397,5
6398,1
6399,2
64,0
640,2
6400,2
6401,6
6402,4
6403,4
6404,1
6405,4
6406,1
6407,1
6408,5
6409,0
641,0
6410,4
6411,0
6412,7
6413,1
6414,1
6415,1
6416,1
6417,0
6418,5
6419,2
642,2
6420,2
6421,5
6422,4
6423,2
6424,1
6425,4
6426,2
6427,2
6428,5
6429,2
643,0
6430,1
6431,4
6432,4
6433,5
6434,4
6435,4
6436,1
6437,4
6438,4
6439,2
644,2
6440,2
6441,2
6442,1
6443,0
6444,4
6445,4
6446,1
6447,4
6448,4
6449,1
645,1
6450,5
6451,5
6452,5
6453,1
6454,2
6455,1
6456,1
6457,1
6458,2
6459,8
646,2
6460,1
6461,4
6462,2
6463,4
6464,0
6465,5
6466,4
6467,2
6468,4
6469,4
647,0
6470,4
6471,2
6472,4
6473,5
6474,2
6475,1
6476,2
6477,4
6478,2
6479,4
648,4
6480,4
6481,1
6482,0
6483,4
6484,2
6485,5
6486,4
6487,4
6488,4
6489,1
649,0
6490,4
6491,0
6492,4
6493,1
6494,1
6495,4
6496,4
6497,0
6498,1
6499,2
65,6
650,5
6500,2
6501,0
6502,4
6503,2
6504,4
6505,4
6506,5
6507,2
6508,1
6509,2
651,0
6510,0
6511,4
6512,1
6513,3
6514,2
6515,1
6516,2
6517,0
6518,1
6519,1
652,5
6520,1
6521,2
6522,0
6523,2
6524,4
6525,4
6526,4
6527,4
6528,1
6529,0
653,4
6530,7
6531,4
6532,1
6533,4
6534,5
6535,5
6536,1
6537,5
6538,6
6539,1
654,0
6540,4
6541,5
6542,4
6543,1
6544,4
6545,4
6546,4
6547,1
6548,7
6549,1
655,7
6550,4
6551,0
6552,2
6553,2
6554,5
6555,1
6556,0
6557,2
6558,4
6559,1
656,2
6560,2
6561,4
6562,2
6563,0
6564,1
6565,4
6566,2
6567,4
6568,1
6569,4
657,7
6570,4
6571,2
6572,1
6573,0
6574,4
6575,2
6576,2
6577,4
6578,2
6579,2
658,6
6580,2
6581,0
6582,4
6583,1
6584,0
6585,0
6586,1
6587,4
6588,0
6589,5
659,6
6590,4
6591,0
6592,4
6593,4
6594,7
6595,4
6596,1
6597,4
6598,1
6599,2
66,0
660,5
6600,0
6601,1
6602,1
6603,5
6604,5
6605,4
6606,1
6607,0
6608,2
6609,2
661,5
6610,0
6611,2
6612,2
6613,5
6614,2
6615,4
6616,4
6617,0
6618,2
6619,1
662,5
6620,4
6621,4
6622,3
6623,2
6624,2
6625,2
6626,4
6627,7
6628,5
6629,0
663,5
6630,5
6631,2
6632,2
6633,1
6634,4
6635,2
6636,4
6637,1
6638,7
6639,4
664,2
6640,2
6641,0
6642,4
6643,5
6644,1
6645,1
6646,4
6647,4
6648,2
6649,5
665,0
6650,5
6651,4
6652,1
6653,4
6654,4
6655,5
6656,1
6657,2
6658,7
6659,4
666,0
6660,2
6661,1
6662,1
6663,0
6664,1
6665,4
6666,4
6667,0
6668,1
6669,0
667,5
6670,0
6671,2
6672,1
6673,1
6674,1
6675,1
6676,5
6677,0
6678,2
6679,1
668,2
6680,7
6681,4
6682,4
6683,4
6684,2
6685,4
6686,7
6687,2
6688,4
6689,2
669,5
6690,1
6691,0
6692,1
6693,2
6694,4
6695,2
6696,7
6697,5
6698,1
6699,4
67,2
670,0
6700,2
6701,1
6702,2
6703,2
6704,2
6705,4
6706,1
6707,4
6708,2
6709,2
671,2
6710,0
6711,4
6712,1
6713,0
6714,1
6715,4
6716,1
6717,0
6718,4
6719,0
672,7
6720,0
6721,0
6722,0
6723,1
6724,1
6725,0
6726,0
6727,0
6728,0
6729,0
673,4
6730,0
6731,6
6732,4
6733,1
6734,4
6735,4
6736,0
6737,4
6738,0
6739,0
674,5
6740,0
6741,1
6742,4
6743,1
6744,1
6745,5
6746,1
6747,4
6748,4
6749,0
675,5
6750,5
6751,7
6752,0
6753,1
6754,4
6755,4
6756,4
6757,4
6758,1
6759,4
676,7
6760,0
6761,5
6762,0
6763,4
6764,4
6765,4
6766,2
6767,4
6768,0
6769,1
677,0
6770,4
6771,0
6772,1
6773,0
6774,4
6775,0
6776,1
6777,4
6778,0
6779,4
678,5
6780,1
6781,4
6782,5
6783,4
6784,7
6785,1
6786,1
6787,1
6788,4
6789,0
679,5
6790,1
6791,5
6792,1
6793,7
6794,0
6795,0
6796,0
6797,5
6798,1
6799,4
68,5
680,5
6800,0
6801,0
6802,0
6803,4
6804,4
6805,4
6806,1
6807,1
6808,4
6809,1
681,3
6810,5
6811,0
6812,0
6813,6
6814,0
6815,1
6816,0
6817,2
6818,4
6819,7
682,5
6820,0
6821,5
6822,4
6823,0
6824,4
6825,5
6826,0
6827,1
6828,4
6829,1
683,2
6830,0
6831,4
6832,4
6833,0
6834,0
6835,4
6836,4
6837,5
6838,1
6839,0
684,0
6840,0
6841,1
6842,4
6843,0
6844,4
6845,4
6846,8
6847,4
6848,5
6849,4
685,7
6850,4
6851,0
6852,4
6853,1
6854,1
6855,1
6856,0
6857,0
6858,4
6859,0
686,7
6860,0
6861,4
6862,0
6863,0
6864,0
6865,0
6866,4
6867,0
6868,4
6869,2
687,2
6870,1
6871,4
6872,1
6873,7
6874,0
6875,0
6876,1
6877,0
6878,1
6879,0
688,2
6880,4
6881,1
6882,0
6883,1
6884,7
6885,0
6886,4
6887,0
6888,5
6889,5
689,5
6890,5
6891,4
6892,0
6893,4
6894,0
6895,4
6896,4
6897,0
6898,1
6899,4
69,5
690,0
6900,0
6901,4
6902,2
6903,4
6904,4
6905,4
6906,0
6907,0
6908,4
6909,1
691,6
6910,5
6911,2
6912,4
6913,4
6914,5
6915,0
6916,1
6917,0
6918,1
6919,1
692,5
6920,0
6921,4
6922,1
6923,4
6924,5
6925,0
6926,1
6927,4
6928,5
6929,4
693,2
6930,1
6931,1
6932,1
6933,0
6934,4
6935,5
6936,4
6937,0
6938,0
6939,4
694,5
6940,4
6941,0
6942,1
6943,0
6944,4
6945,1
6946,4
6947,0
6948,0
6949,1
695,4
6950,1
6951,5
6952,0
6953,7
6954,4
6955,1
6956,0
6957,1
6958,5
6959,1
696,5
6960,4
6961,5
6962,0
6963,1
6964,0
6965,4
6966,4
6967,1
6968,0
6969,4
697,2
6970,5
6971,0
6972,4
6973,4
6974,1
6975,0
6976,4
6977,4
6978,7
6979,0
698,4
6980,1
6981,4
6982,0
6983,1
6984,5
6985,0
6986,0
6987,4
6988,4
6989,0
699,5
6990,0
6991,0
6992,0
6993,1
6994,0
6995,4
6996,6
6997,4
6998,0
6999,1
7,2
70,2
700,5
7000,4
7001,8
7002,0
7003,0
7004,1
7005,4
7006,1
7007,5
7008,0
7009,4
701,5
7010,4
7011,4
7012,4
7013,0
7014,1
7015,4
7016,0
7017,1
7018,0
7019,0
702,0
7020,0
7021,0
7022,0
7023,4
7024,0
7025,0
7026,1
7027,4
7028,0
7029,4
703,5
7030,5
7031,0
7032,5
7033,0
7034,1
7035,1
7036,4
7037,0
7038,1
7039,4
704,1
7040,0
7041,0
7042,1
7043,8
7044,4
7045,4
7046,0
7047,1
7048,4
7049,4
705,5
7050,1
7051,4
7052,4
7053,0
7054,7
7055,0
7056,5
7057,0
7058,1
7059,4
706,0
7060,0
7061,0
7062,7
7063,4
7064,4
7065,0
7066,0
7067,1
7068,4
7069,0
707,8
7070,4
7071,5
7072,1
7073,4
7074,4
7075,1
7076,4
7077,4
7078,1
7079,0
708,2
7080,6
7081,1
7082,4
7083,4
7084,0
7085,1
7086,0
7087,1
7088,0
7089,4
709,5
7090,4
7091,2
7092,0
7093,7
7094,0
7095,0
7096,0
7097,2
7098,1
7099,0
71,1
710,0
7100,5
7101,4
7102,4
7103,0
7104,0
7105,5
7106,4
7107,1
7108,0
7109,1
711,6
7110,2
7111,2
7112,4
7113,0
7114,4
7115,1
7116,4
7117,5
7118,4
7119,0
712,2
7120,1
7121,1
7122,4
7123,0
7124,4
7125,5
7126,4
7127,0
7128,4
7129,1
713,0
7130,0
7131,1
7132,1
7133,0
7134,4
7135,0
7136,4
7137,0
7138,4
7139,0
714,4
7140,0
7141,6
7142,1
7143,0
7144,0
7145,3
7146,4
7147,0
7148,1
7149,0
715,5
7150,0
7151,1
7152,1
7153,0
7154,0
7155,0
7156,4
7157,0
7158,2
7159,0
716,0
7160,0
7161,4
7162,1
7163,4
7164,7
7165,4
7166,4
7167,0
7168,1
7169,1
717,5
7170,7
7171,4
7172,1
7173,8
7174,4
7175,4
7176,1
7177,2
7178,4
7179,0
718,5
7180,0
7181,0
7182,0
7183,5
7184,1
7185,1
7186,0
7187,4
7188,0
7189,5
719,2
7190,4
7191,0
7192,4
7193,0
7194,4
7195,4
7196,1
7197,0
7198,4
7199,0
72,2
720,5
7200,4
7201,1
7202,1
7203,1
7204,0
7205,1
7206,5
7207,0
7208,4
7209,1
721,5
7210,4
7211,0
7212,4
7213,4
7214,0
7215,0
7216,0
7217,5
7218,4
7219,4
722,5
7220,6
7221,0
7222,4
7223,8
7224,1
7225,4
7226,0
7227,0
7228,4
7229,0
723,5
7230,1
7231,1
7232,4
7233,1
7234,4
7235,4
7236,4
7237,0
7238,4
7239,4
724,5
7240,4
7241,0
7242,0
7243,1
7244,4
7245,4
7246,0
7247,7
7248,4
7249,0
725,4
7250,5
7251,5
7252,0
7253,5
7254,0
7255,4
7256,4
7257,4
7258,1
7259,4
726,5
7260,5
7261,0
7262,0
7263,1
7264,4
7265,0
7266,1
7267,0
7268,3
7269,0
727,1
7270,0
7271,1
7272,4
7273,4
7274,0
7275,0
7276,4
7277,4
7278,0
7279,1
728,2
7280,0
7281,0
7282,8
7283,4
7284,1
7285,0
7286,0
7287,1
7288,0
7289,2
729,2
7290,5
7291,4
7292,0
7293,0
7294,4
7295,4
7296,4
7297,0
7298,0
7299,4
73,2
730,2
7300,4
7301,0
7302,4
7303,4
7304,2
7305,4
7306,2
7307,4
7308,4
7309,5
731,5
7310,0
7311,0
7312,4
7313,2
7314,1
7315,5
7316,1
7317,0
7318,1
7319,0
732,0
7320,5
7321,0
7322,6
7323,0
7324,1
7325,0
7326,0
7327,4
7328,5
7329,0
733,2
7330,4
7331,4
7332,0
7333,5
7334,4
7335,4
7336,0
7337,1
7338,4
7339,0
734,4
7340,1
7341,4
7342,0
7343,1
7344,0
7345,5
7346,4
7347,1
7348,0
7349,4
735,0
7350,4
7351,4
7352,4
7353,4
7354,4
7355,0
7356,0
7357,2
7358,4
7359,0
736,2
7360,1
7361,4
7362,0
7363,1
7364,2
7365,4
7366,1
7367,0
7368,1
7369,5
737,5
7370,4
7371,0
7372,4
7373,0
7374,0
7375,8
7376,0
7377,0
7378,1
7379,0
738,0
7380,0
7381,1
7382,4
7383,0
7384,0
7385,5
7386,4
7387,1
7388,4
7389,0
739,2
7390,1
7391,5
7392,4
7393,5
7394,1
7395,4
7396,0
7397,4
7398,5
7399,0
74,6
740,7
7400,4
7401,0
7402,8
7403,4
7404,4
7405,1
7406,0
7407,1
7408,4
7409,1
741,5
7410,1
7411,4
7412,0
7413,0
7414,4
7415,4
7416,0
7417,0
7418,4
7419,0
742,5
7420,1
7421,1
7422,0
7423,4
7424,4
7425,1
7426,8
7427,0
7428,0
7429,0
743,7
7430,1
7431,4
7432,0
7433,8
7434,4
7435,1
7436,0
7437,4
7438,0
7439,4
744,1
7440,1
7441,0
7442,4
7443,0
7444,4
7445,4
7446,8
7447,5
7448,5
7449,1
745,2
7450,0
7451,0
7452,4
7453,4
7454,4
7455,0
7456,1
7457,4
7458,4
7459,0
746,7
7460,1
7461,4
7462,4
7463,0
7464,5
7465,0
7466,1
7467,0
7468,0
7469,0
747,5
7470,0
7471,0
7472,5
7473,4
7474,4
7475,4
7476,4
7477,1
7478,4
7479,1
748,5
7480,4
7481,0
7482,4
7483,0
7484,1
7485,1
7486,1
7487,0
7488,0
7489,4
749,2
7490,5
7491,0
7492,4
7493,4
7494,4
7495,4
7496,0
7497,1
7498,1
7499,4
75,2
750,5
7500,0
7501,0
7502,1
7503,4
7504,1
7505,1
7506,4
7507,4
7508,0
7509,6
751,5
7510,4
7511,4
7512,1
7513,0
7514,0
7515,4
7516,1
7517,4
7518,4
7519,4
752,5
7520,0
7521,0
7522,4
7523,0
7524,4
7525,0
7526,6
7527,8
7528,0
7529,4
753,2
7530,1
7531,4
7532,0
7533,4
7534,1
7535,5
7536,0
7537,1
7538,1
7539,1
754,7
7540,1
7541,4
7542,0
7543,0
7544,1
7545,4
7546,7
7547,1
7548,2
7549,1
755,0
7550,0
7551,0
7552,0
7553,4
7554,0
7555,0
7556,0
7557,0
7558,5
7559,4
756,2
7560,5
7561,5
7562,4
7563,0
7564,4
7565,5
7566,0
7567,0
7568,0
7569,0
757,0
7570,4
7571,5
7572,0
7573,2
7574,0
7575,1
7576,5
7577,4
7578,5
7579,0
758,5
7580,4
7581,0
7582,4
7583,1
7584,0
7585,0
7586,4
7587,1
7588,1
7589,1
759,5
7590,4
7591,0
7592,4
7593,0
7594,0
7595,4
7596,0
7597,4
7598,1
7599,0
76,0
760,7
7600,0
7601,4
7602,0
7603,4
7604,0
7605,6
7606,1
7607,5
7608,0
7609,5
761,0
7610,4
7611,0
7612,4
7613,1
7614,1
7615,5
7616,4
7617,4
7618,1
7619,1
762,5
7620,5
7621,0
7622,1
7623,4
7624,4
7625,0
7626,4
7627,0
7628,0
7629,1
763,7
7630,4
7631,8
7632,1
7633,4
7634,1
7635,0
7636,4
7637,4
7638,1
7639,0
764,2
7640,4
7641,0
7642,0
7643,4
7644,1
7645,0
7646,1
7647,1
7648,0
7649,0
765,7
7650,0
7651,4
7652,4
7653,1
7654,4
7655,1
7656,4
7657,4
7658,1
7659,0
766,5
7660,0
7661,0
7662,4
7663,4
7664,4
7665,6
7666,5
7667,0
7668,4
7669,2
767,5
7670,4
7671,0
7672,0
7673,0
7674,0
7675,0
7676,4
7677,0
7678,4
7679,4
768,2
7680,0
7681,0
7682,0
7683,0
7684,4
7685,4
7686,0
7687,4
7688,4
7689,1
769,2
7690,4
7691,1
7692,4
7693,1
7694,0
7695,4
7696,4
7697,1
7698,0
7699,0
77,0
770,2
7700,5
7701,4
7702,0
7703,4
7704,4
7705,1
7706,0
7707,1
7708,2
7709,1
771,1
7710,4
7711,4
7712,0
7713,4
7714,0
7715,0
7716,4
7717,1
7718,4
7719,0
772,5
7720,0
7721,4
7722,5
7723,4
7724,0
7725,0
7726,4
7727,5
7728,4
7729,5
773,3
7730,5
7731,4
7732,1
7733,2
7734,6
7735,4
7736,1
7737,0
7738,2
7739,0
774,2
7740,4
7741,0
7742,2
7743,1
7744,4
7745,0
7746,5
7747,0
7748,0
7749,4
775,0
7750,4
7751,5
7752,0
7753,4
7754,5
7755,1
7756,4
7757,0
7758,1
7759,4
776,7
7760,0
7761,4
7762,6
7763,1
7764,4
7765,8
7766,1
7767,0
7768,4
7769,2
777,3
7770,4
7771,4
7772,1
7773,3
7774,0
7775,4
7776,7
7777,4
7778,1
7779,1
778,5
7780,4
7781,4
7782,0
7783,0
7784,1
7785,4
7786,0
7787,4
7788,4
7789,0
779,5
7790,0
7791,0
7792,1
7793,0
7794,4
7795,1
7796,4
7797,5
7798,0
7799,0
78,6
780,0
7800,5
7801,0
7802,4
7803,5
7804,5
7805,0
7806,4
7807,1
7808,0
7809,1
781,0
7810,0
7811,2
7812,2
7813,4
7814,4
7815,5
7816,0
7817,1
7818,4
7819,1
782,1
7820,4
7821,0
7822,0
7823,4
7824,0
7825,4
7826,0
7827,1
7828,4
7829,0
783,5
7830,0
7831,4
7832,5
7833,7
7834,0
7835,0
7836,4
7837,7
7838,4
7839,0
784,0
7840,4
7841,0
7842,0
7843,1
7844,4
7845,6
7846,4
7847,0
7848,4
7849,0
785,1
7850,0
7851,5
7852,0
7853,1
7854,4
7855,4
7856,0
7857,5
7858,0
7859,5
786,5
7860,0
7861,0
7862,0
7863,0
7864,5
7865,0
7866,5
7867,0
7868,0
7869,0
787,5
7870,5
7871,4
7872,5
7873,0
7874,0
7875,5
7876,1
7877,7
7878,1
7879,4
788,7
7880,4
7881,0
7882,4
7883,5
7884,0
7885,0
7886,4
7887,2
7888,0
7889,0
789,7
7890,4
7891,1
7892,0
7893,1
7894,0
7895,0
7896,2
7897,4
7898,1
7899,4
79,6
790,0
7900,7
7901,4
7902,0
7903,0
7904,1
7905,0
7906,0
7907,4
7908,5
7909,4
791,0
7910,4
7911,0
7912,4
7913,4
7914,4
7915,5
7916,6
7917,1
7918,7
7919,0
792,2
7920,4
7921,3
7922,0
7923,0
7924,1
7925,3
7926,4
7927,5
7928,6
7929,6
793,1
7930,4
7931,8
7932,4
7933,3
7934,6
7935,4
7936,0
7937,0
7938,5
7939,0
794,5
7940,0
7941,2
7942,4
7943,0
7944,0
7945,5
7946,7
7947,0
7948,3
7949,0
795,8
7950,5
7951,0
7952,4
7953,0
7954,0
7955,0
7956,8
7957,0
7958,4
7959,0
796,5
7960,8
7961,3
7962,0
7963,0
7964,0
7965,4
7966,0
7967,4
7968,4
7969,3
797,5
7970,4
7971,3
7972,4
7973,4
7974,5
7975,4
7976,5
7977,0
7978,4
7979,6
798,2
7980,4
7981,4
7982,4
7983,3
7984,0
7985,0
7986,4
7987,4
7988,0
7989,5
799,5
7990,0
7991,4
7992,0
7993,6
7994,4
7995,0
7996,4
7997,0
7998,4
7999,2
8,6
80,2
800,5
8000,0
8001,4
8002,5
8003,4
8004,4
8005,2
8006,4
8007,5
8008,0
8009,4
801,5
8010,4
8011,5
8012,0
8013,6
8014,4
8015,5
8016,0
8017,0
8018,0
8019,4
802,5
8020,8
8021,4
8022,2
8023,4
8024,0
8025,4
8026,0
8027,0
8028,0
8029,0
803,1
8030,7
8031,4
8032,4
8033,6
8034,4
8035,5
8036,3
8037,4
8038,4
8039,3
804,2
8040,0
8041,0
8042,4
8043,4
8044,7
8045,0
8046,4
8047,2
8048,0
8049,0
805,8
8050,2
8051,3
8052,5
8053,4
8054,6
8055,0
8056,4
8057,4
8058,0
8059,4
806,0
8060,4
8061,0
8062,5
8063,0
8064,7
8065,0
8066,0
8067,4
8068,4
8069,2
807,5
8070,5
8071,6
8072,0
8073,6
8074,0
8075,0
8076,3
8077,0
8078,3
8079,0
808,0
8080,0
8081,2
8082,6
8083,0
8084,0
8085,8
8086,6
8087,0
8088,0
8089,4
809,2
8090,0
8091,0
8092,0
8093,2
8094,6
8095,2
8096,0
8097,5
8098,6
8099,0
81,5
810,5
8100,7
8101,0
8102,0
8103,3
8104,6
8105,0
8106,0
8107,3
8108,8
8109,5
811,5
8110,6
8111,4
8112,0
8113,6
8114,0
8115,0
8116,0
8117,6
8118,0
8119,2
812,7
8120,0
8121,8
8122,0
8123,0
8124,6
8125,6
8126,0
8127,0
8128,0
8129,0
813,5
8130,5
8131,5
8132,4
8133,5
8134,6
8135,4
8136,4
8137,0
8138,6
8139,5
814,7
8140,2
8141,0
8142,0
8143,4
8144,6
8145,0
8146,8
8147,4
8148,6
8149,8
815,7
8150,3
8151,8
8152,3
8153,5
8154,6
8155,6
8156,3
8157,3
8158,1
8159,7
816,2
8160,4
8161,6
8162,7
8163,4
8164,4
8165,7
8166,5
8167,0
8168,4
8169,0
817,0
8170,5
8171,1
8172,7
8173,6
8174,6
8175,6
8176,4
8177,6
8178,6
8179,6
818,0
8180,4
8181,4
8182,7
8183,4
8184,2
8185,0
8186,3
8187,4
8188,4
8189,0
819,5
8190,4
8191,5
8192,0
8193,5
8194,4
8195,6
8196,2
8197,3
8198,0
8199,6
82,0
820,5
8200,3
8201,0
8202,6
8203,4
8204,1
8205,3
8206,3
8207,4
8208,6
8209,0
821,5
8210,0
8211,4
8212,4
8213,4
8214,4
8215,6
8216,6
8217,0
8218,6
8219,8
822,7
8220,6
8221,0
8222,4
8223,4
8224,4
8225,5
8226,0
8227,6
8228,0
8229,6
823,2
8230,1
8231,3
8232,4
8233,4
8234,5
8235,4
8236,0
8237,2
8238,4
8239,2
824,2
8240,0
8241,4
8242,4
8243,4
8244,0
8245,6
8246,4
8247,7
8248,3
8249,5
825,5
8250,5
8251,6
8252,0
8253,1
8254,6
8255,4
8256,4
8257,0
8258,4
8259,3
826,5
8260,4
8261,4
8262,6
8263,0
8264,3
8265,4
8266,0
8267,4
8268,0
8269,3
827,7
8270,6
8271,6
8272,6
8273,4
8274,5
8275,5
8276,4
8277,6
8278,4
8279,5
828,5
8280,6
8281,6
8282,4
8283,5
8284,6
8285,4
8286,5
8287,0
8288,0
8289,6
829,2
8290,1
8291,4
8292,0
8293,5
8294,6
8295,5
8296,5
8297,4
8298,4
8299,4
83,6
830,2
8300,4
8301,6
8302,3
8303,3
8304,4
8305,3
8306,4
8307,4
8308,0
8309,4
831,7
8310,6
8311,4
8312,4
8313,5
8314,6
8315,5
8316,0
8317,5
8318,4
8319,6
832,5
8320,2
8321,5
8322,3
8323,5
8324,2
8325,4
8326,2
8327,3
8328,3
8329,2
833,8
8330,6
8331,0
8332,6
8333,0
8334,6
8335,4
8336,3
8337,5
8338,5
8339,4
834,0
8340,5
8341,4
8342,4
8343,5
8344,0
8345,4
8346,0
8347,5
8348,3
8349,6
835,5
8350,7
8351,6
8352,4
8353,5
8354,2
8355,3
8356,7
8357,5
8358,0
8359,4
836,1
8360,0
8361,0
8362,4
8363,6
8364,4
8365,5
8366,6
8367,4
8368,1
8369,3
837,2
8370,3
8371,6
8372,4
8373,3
8374,4
8375,6
8376,4
8377,0
8378,0
8379,4
838,0
8380,4
8381,4
8382,4
8383,6
8384,6
8385,3
8386,0
8387,6
8388,1
8389,4
839,2
8390,4
8391,4
8392,0
8393,6
8394,4
8395,6
8396,6
8397,3
8398,6
8399,4
84,2
840,5
8400,3
8401,0
8402,8
8403,6
8404,4
8405,6
8406,3
8407,4
8408,0
8409,0
841,7
8410,3
8411,6
8412,6
8413,4
8414,5
8415,0
8416,4
8417,3
8418,5
8419,3
842,5
8420,4
8421,4
8422,0
8423,4
8424,4
8425,7
8426,8
8427,6
8428,5
8429,4
843,4
8430,8
8431,3
8432,5
8433,2
8434,4
8435,0
8436,6
8437,0
8438,5
8439,5
844,0
8440,6
8441,4
8442,6
8443,8
8444,0
8445,4
8446,2
8447,6
8448,4
8449,6
845,2
8450,4
8451,0
8452,0
8453,4
8454,6
8455,6
8456,4
8457,5
8458,3
8459,7
846,5
8460,4
8461,4
8462,6
8463,5
8464,0
8465,5
8466,6
8467,4
8468,6
8469,2
847,7
8470,5
8471,6
8472,4
8473,3
8474,4
8475,4
8476,6
8477,0
8478,6
8479,4
848,5
8480,4
8481,6
8482,3
8483,2
8484,5
8485,5
8486,6
8487,5
8488,4
8489,5
849,5
8490,6
8491,5
8492,4
8493,3
8494,5
8495,0
8496,4
8497,4
8498,4
8499,4
85,5
850,7
8500,3
8501,0
8502,5
8503,6
8504,4
8505,4
8506,4
8507,3
8508,4
8509,4
851,0
8510,0
8511,5
8512,6
8513,4
8514,1
8515,5
8516,2
8517,0
8518,8
8519,6
852,0
8520,0
8521,4
8522,4
8523,6
8524,4
8525,5
8526,8
8527,5
8528,3
8529,3
853,0
8530,4
8531,6
8532,0
8533,4
8534,0
8535,4
8536,4
8537,4
8538,0
8539,0
854,0
8540,6
8541,0
8542,4
8543,6
8544,0
8545,6
8546,6
8547,3
8548,6
8549,4
855,5
8550,5
8551,0
8552,0
8553,4
8554,6
8555,5
8556,6
8557,4
8558,1
8559,6
856,0
8560,4
8561,6
8562,4
8563,3
8564,5
8565,6
8566,3
8567,5
8568,4
8569,0
857,5
8570,7
8571,4
8572,7
8573,3
8574,2
8575,4
8576,6
8577,6
8578,2
8579,6
858,5
8580,2
8581,0
8582,0
8583,6
8584,7
8585,6
8586,1
8587,0
8588,4
8589,0
859,7
8590,7
8591,5
8592,5
8593,0
8594,6
8595,3
8596,6
8597,4
8598,6
8599,1
86,5
860,4
8600,4
8601,6
8602,0
8603,8
8604,0
8605,6
8606,0
8607,1
8608,6
8609,3
861,6
8610,3
8611,0
8612,6
8613,5
8614,6
8615,6
8616,2
8617,6
8618,6
8619,3
862,5
8620,6
8621,3
8622,2
8623,2
8624,5
8625,6
8626,6
8627,6
8628,8
8629,1
863,2
8630,6
8631,1
8632,6
8633,0
8634,6
8635,8
8636,6
8637,6
8638,6
8639,5
864,5
8640,0
8641,8
8642,6
8643,4
8644,6
8645,0
8646,6
8647,3
8648,0
8649,6
865,5
8650,3
8651,2
8652,1
8653,6
8654,7
8655,6
8656,6
8657,6
8658,0
8659,8
866,7
8660,6
8661,1
8662,6
8663,2
8664,6
8665,6
8666,6
8667,5
8668,0
8669,6
867,5
8670,6
8671,2
8672,3
8673,6
8674,6
8675,2
8676,3
8677,5
8678,6
8679,6
868,5
8680,2
8681,0
8682,6
8683,0
8684,5
8685,2
8686,3
8687,2
8688,3
8689,2
869,5
8690,3
8691,6
8692,0
8693,0
8694,0
8695,6
8696,6
8697,5
8698,5
8699,6
87,5
870,2
8700,6
8701,6
8702,6
8703,5
8704,0
8705,6
8706,6
8707,0
8708,6
8709,6
871,7
8710,6
8711,3
8712,6
8713,6
8714,0
8715,6
8716,6
8717,6
8718,6
8719,3
872,0
8720,8
8721,6
8722,6
8723,6
8724,6
8725,1
8726,5
8727,2
8728,3
8729,7
873,0
8730,6
8731,6
8732,3
8733,0
8734,0
8735,0
8736,6
8737,5
8738,5
8739,8
874,5
8740,3
8741,6
8742,6
8743,6
8744,0
8745,5
8746,6
8747,8
8748,3
8749,2
875,2
8750,6
8751,0
8752,0
8753,1
8754,0
8755,5
8756,6
8757,6
8758,6
8759,0
876,0
8760,1
8761,6
8762,6
8763,6
8764,2
8765,6
8766,0
8767,2
8768,5
8769,3
877,5
8770,2
8771,6
8772,7
8773,6
8774,8
8775,1
8776,6
8777,8
8778,2
8779,6
878,5
8780,6
8781,6
8782,5
8783,0
8784,6
8785,5
8786,6
8787,0
8788,0
8789,7
879,2
8790,5
8791,0
8792,0
8793,6
8794,0
8795,0
8796,0
8797,0
8798,6
8799,6
88,5
880,5
8800,6
8801,5
8802,0
8803,6
8804,4
8805,6
8806,0
8807,6
8808,0
8809,5
881,1
8810,6
8811,6
8812,5
8813,6
8814,2
8815,5
8816,8
8817,6
8818,2
8819,2
882,1
8820,6
8821,2
8822,0
8823,2
8824,6
8825,7
8826,2
8827,2
8828,6
8829,0
883,0
8830,6
8831,2
8832,6
8833,5
8834,2
8835,1
8836,3
8837,6
8838,0
8839,0
884,1
8840,6
8841,6
8842,2
8843,4
8844,6
8845,6
8846,6
8847,6
8848,6
8849,6
885,5
8850,6
8851,0
8852,5
8853,6
8854,6
8855,6
8856,2
8857,2
8858,5
8859,6
886,7
8860,5
8861,0
8862,6
8863,2
8864,5
8865,0
8866,7
8867,6
8868,2
8869,2
887,7
8870,0
8871,6
8872,7
8873,6
8874,2
8875,6
8876,2
8877,6
8878,6
8879,2
888,5
8880,5
8881,1
8882,1
8883,6
8884,6
8885,2
8886,6
8887,0
8888,6
8889,5
889,5
8890,6
8891,0
8892,2
8893,6
8894,5
8895,2
8896,2
8897,1
8898,5
8899,0
89,1
890,1
8900,0
8901,6
8902,2
8903,6
8904,5
8905,6
8906,2
8907,6
8908,2
8909,1
891,5
8910,6
8911,6
8912,0
8913,6
8914,0
8915,6
8916,0
8917,6
8918,6
8919,2
892,0
8920,5
8921,6
8922,6
8923,2
8924,6
8925,6
8926,7
8927,6
8928,2
8929,2
893,0
8930,0
8931,2
8932,6
8933,2
8934,6
8935,6
8936,2
8937,1
8938,6
8939,6
894,5
8940,5
8941,2
8942,4
8943,0
8944,7
8945,6
8946,0
8947,2
8948,6
8949,6
895,0
8950,2
8951,0
8952,6
8953,6
8954,6
8955,1
8956,6
8957,6
8958,0
8959,6
896,0
8960,6
8961,2
8962,6
8963,6
8964,2
8965,6
8966,4
8967,2
8968,6
8969,5
897,0
8970,2
8971,5
8972,5
8973,6
8974,1
8975,6
8976,2
8977,6
8978,0
8979,6
898,5
8980,6
8981,6
8982,0
8983,0
8984,0
8985,6
8986,1
8987,1
8988,0
8989,6
899,5
8990,0
8991,6
8992,2
8993,6
8994,6
8995,6
8996,6
8997,4
8998,0
8999,5
9,5
90,7
900,5
9000,2
9001,6
9002,2
9003,3
9004,5
9005,6
9006,2
9007,2
9008,4
9009,6
901,0
9010,6
9011,5
9012,5
9013,0
9014,6
9015,6
9016,6
9017,2
9018,1
9019,6
902,0
9020,8
9021,6
9022,2
9023,6
9024,8
9025,3
9026,2
9027,4
9028,6
9029,0
903,5
9030,0
9031,0
9032,0
9033,0
9034,5
9035,2
9036,2
9037,6
9038,6
9039,6
904,5
9040,3
9041,6
9042,5
9043,6
9044,2
9045,6
9046,2
9047,2
9048,0
9049,6
905,0
9050,5
9051,6
9052,6
9053,6
9054,6
9055,6
9056,2
9057,2
9058,2
9059,6
906,0
9060,0
9061,6
9062,0
9063,5
9064,0
9065,6
9066,5
9067,6
9068,6
9069,2
907,4
9070,6
9071,2
9072,6
9073,2
9074,2
9075,0
9076,6
9077,1
9078,0
9079,7
908,5
9080,6
9081,6
9082,6
9083,6
9084,6
9085,6
9086,0
9087,7
9088,6
9089,1
909,2
9090,2
9091,1
9092,2
9093,6
9094,6
9095,6
9096,2
9097,6
9098,0
9099,6
91,5
910,0
9100,4
9101,2
9102,0
9103,0
9104,0
9105,6
9106,0
9107,0
9108,0
9109,2
911,7
9110,2
9111,2
9112,6
9113,6
9114,6
9115,5
9116,0
9117,6
9118,2
9119,0
912,0
9120,6
9121,7
9122,4
9123,6
9124,2
9125,6
9126,6
9127,2
9128,5
9129,2
913,0
9130,5
9131,6
9132,2
9133,5
9134,5
9135,7
9136,0
9137,6
9138,7
9139,6
914,0
9140,6
9141,1
9142,6
9143,2
9144,0
9145,2
9146,6
9147,0
9148,2
9149,2
915,5
9150,6
9151,7
9152,2
9153,7
9154,2
9155,2
9156,4
9157,1
9158,6
9159,7
916,5
9160,0
9161,2
9162,7
9163,5
9164,7
9165,1
9166,6
9167,2
9168,6
9169,0
917,7
9170,2
9171,6
9172,7
9173,8
9174,5
9175,2
9176,2
9177,4
9178,2
9179,3
918,0
9180,6
9181,8
9182,0
9183,2
9184,5
9185,5
9186,2
9187,2
9188,4
9189,2
919,2
9190,0
9191,2
9192,6
9193,5
9194,0
9195,7
9196,7
9197,4
9198,2
9199,0
92,2
920,7
9200,0
9201,7
9202,5
9203,6
9204,2
9205,5
9206,7
9207,3
9208,2
9209,2
921,5
9210,7
9211,3
9212,0
9213,8
9214,7
9215,3
9216,6
9217,5
9218,6
9219,7
922,0
9220,2
9221,2
9222,6
9223,6
9224,2
9225,7
9226,2
9227,0
9228,4
9229,5
923,7
9230,6
9231,6
9232,1
9233,6
9234,0
9235,5
9236,0
9237,6
9238,7
9239,8
924,0
9240,0
9241,1
9242,2
9243,0
9244,7
9245,7
9246,2
9247,2
9248,6
9249,4
925,1
9250,7
9251,7
9252,2
9253,6
9254,2
9255,7
9256,2
9257,0
9258,6
9259,6
926,5
9260,0
9261,2
9262,6
9263,8
9264,7
9265,6
9266,1
9267,0
9268,8
9269,0
927,6
9270,6
9271,6
9272,6
9273,2
9274,0
9275,4
9276,6
9277,2
9278,7
9279,2
928,0
9280,2
9281,6
9282,2
9283,7
9284,6
9285,6
9286,0
9287,2
9288,2
9289,1
929,0
9290,1
9291,0
9292,1
9293,6
9294,0
9295,3
9296,1
9297,6
9298,0
9299,7
93,6
930,5
9300,0
9301,6
9302,6
9303,6
9304,7
9305,6
9306,0
9307,2
9308,6
9309,6
931,4
9310,4
9311,7
9312,2
9313,7
9314,2
9315,6
9316,1
9317,0
9318,7
9319,2
932,5
9320,1
9321,0
9322,6
9323,0
9324,2
9325,6
9326,8
9327,2
9328,0
9329,7
933,4
9330,6
9331,5
9332,0
9333,2
9334,3
9335,2
9336,2
9337,2
9338,7
9339,4
934,8
9340,7
9341,7
9342,1
9343,6
9344,2
9345,0
9346,5
9347,2
9348,6
9349,7
935,5
9350,6
9351,7
9352,2
9353,5
9354,7
9355,0
9356,0
9357,2
9358,2
9359,7
936,7
9360,2
9361,4
9362,7
9363,7
9364,6
9365,6
9366,6
9367,7
9368,7
9369,2
937,5
9370,6
9371,6
9372,6
9373,2
9374,6
9375,2
9376,8
9377,0
9378,7
9379,0
938,0
9380,2
9381,2
9382,6
9383,0
9384,6
9385,2
9386,6
9387,6
9388,8
9389,2
939,0
9390,1
9391,0
9392,8
9393,6
9394,0
9395,2
9396,6
9397,4
9398,6
9399,0
94,6
940,0
9400,7
9401,7
9402,2
9403,6
9404,7
9405,2
9406,2
9407,0
9408,5
9409,0
941,1
9410,5
9411,2
9412,7
9413,2
9414,6
9415,7
9416,6
9417,6
9418,4
9419,2
942,0
9420,7
9421,8
9422,1
9423,1
9424,8
9425,5
9426,6
9427,0
9428,7
9429,2
943,2
9430,2
9431,2
9432,2
9433,0
9434,0
9435,2
9436,6
9437,1
9438,5
9439,6
944,5
9440,7
9441,5
9442,5
9443,2
9444,6
9445,7
9446,3
9447,2
9448,2
9449,5
945,8
9450,7
9451,1
9452,0
9453,6
9454,2
9455,6
9456,6
9457,7
9458,7
9459,7
946,5
9460,6
9461,7
9462,7
9463,1
9464,6
9465,7
9466,7
9467,2
9468,2
9469,0
947,5
9470,7
9471,4
9472,6
9473,2
9474,7
9475,6
9476,6
9477,0
9478,2
9479,2
948,5
9480,6
9481,1
9482,2
9483,2
9484,5
9485,1
9486,2
9487,6
9488,6
9489,2
949,0
9490,6
9491,2
9492,6
9493,2
9494,2
9495,6
9496,6
9497,5
9498,7
9499,5
95,5
950,0
9500,6
9501,2
9502,0
9503,6
9504,2
9505,2
9506,2
9507,6
9508,7
9509,4
951,0
9510,6
9511,6
9512,6
9513,0
9514,0
9515,6
9516,2
9517,6
9518,6
9519,0
952,4
9520,4
9521,6
9522,7
9523,6
9524,6
9525,8
9526,4
9527,7
9528,1
9529,2
953,0
9530,6
9531,7
9532,6
9533,7
9534,6
9535,2
9536,4
9537,1
9538,6
9539,7
954,7
9540,6
9541,2
9542,0
9543,6
9544,0
9545,8
9546,6
9547,0
9548,3
9549,6
955,0
9550,7
9551,0
9552,6
9553,7
9554,7
9555,4
9556,0
9557,7
9558,7
9559,3
956,5
9560,2
9561,6
9562,0
9563,7
9564,7
9565,6
9566,1
9567,7
9568,2
9569,0
957,4
9570,0
9571,1
9572,8
9573,8
9574,2
9575,0
9576,2
9577,5
9578,0
9579,8
958,0
9580,4
9581,2
9582,2
9583,7
9584,7
9585,8
9586,2
9587,0
9588,4
9589,0
959,0
9590,1
9591,4
9592,6
9593,5
9594,6
9595,5
9596,7
9597,6
9598,4
9599,5
96,2
960,6
9600,6
9601,6
9602,2
9603,6
9604,6
9605,0
9606,8
9607,8
9608,0
9609,8
961,0
9610,5
9611,2
9612,0
9613,0
9614,2
9615,2
9616,5
9617,8
9618,8
9619,8
962,7
9620,5
9621,5
9622,2
9623,0
9624,6
9625,2
9626,1
9627,8
9628,8
9629,0
963,5
9630,6
9631,8
9632,8
9633,6
9634,7
9635,5
9636,6
9637,0
9638,6
9639,8
964,5
9640,2
9641,6
9642,0
9643,8
9644,6
9645,6
9646,2
9647,8
9648,8
9649,5
965,2
9650,0
9651,6
9652,8
9653,2
9654,1
9655,2
9656,5
9657,5
9658,8
9659,7
966,0
9660,8
9661,2
9662,2
9663,6
9664,8
9665,2
9666,0
9667,6
9668,1
9669,6
967,5
9670,6
9671,2
9672,2
9673,8
9674,0
9675,8
9676,8
9677,8
9678,0
9679,7
968,7
9680,6
9681,2
9682,6
9683,2
9684,0
9685,8
9686,0
9687,6
9688,8
9689,1
969,0
9690,7
9691,8
9692,6
9693,6
9694,8
9695,8
9696,2
9697,0
9698,5
9699,5
97,0
970,5
9700,0
9701,0
9702,6
9703,6
9704,5
9705,2
9706,8
9707,8
9708,6
9709,6
971,0
9710,2
9711,2
9712,0
9713,8
9714,5
9715,8
9716,5
9717,6
9718,8
9719,6
972,5
9720,0
9721,2
9722,8
9723,2
9724,2
9725,2
9726,6
9727,6
9728,6
9729,0
973,5
9730,2
9731,4
9732,0
9733,1
9734,8
9735,0
9736,2
9737,6
9738,2
9739,1
974,0
9740,8
9741,5
9742,5
9743,0
9744,0
9745,6
9746,8
9747,2
9748,6
9749,2
975,2
9750,2
9751,8
9752,6
9753,1
9754,8
9755,2
9756,6
9757,5
9758,4
9759,2
976,0
9760,8
9761,5
9762,0
9763,2
9764,0
9765,2
9766,2
9767,6
9768,6
9769,6
977,0
9770,5
9771,7
9772,8
9773,6
9774,0
9775,8
9776,5
9777,6
9778,6
9779,8
978,1
9780,2
9781,2
9782,8
9783,0
9784,1
9785,2
9786,5
9787,5
9788,2
9789,8
979,8
9790,5
9791,8
9792,6
9793,5
9794,6
9795,6
9796,5
9797,6
9798,8
9799,6
98,6
980,5
9800,0
9801,2
9802,6
9803,8
9804,1
9805,6
9806,2
9807,6
9808,8
9809,2
981,0
9810,8
9811,4
9812,5
9813,2
9814,3
9815,0
9816,2
9817,8
9818,5
9819,6
982,0
9820,8
9821,2
9822,2
9823,1
9824,6
9825,8
9826,5
9827,0
9828,2
9829,5
983,7
9830,2
9831,7
9832,6
9833,2
9834,0
9835,5
9836,2
9837,0
9838,4
9839,0
984,0
9840,5
9841,6
9842,2
9843,6
9844,8
9845,6
9846,2
9847,1
9848,8
9849,2
985,7
9850,6
9851,2
9852,7
9853,2
9854,7
9855,0
9856,6
9857,2
9858,6
9859,0
986,0
9860,8
9861,8
9862,6
9863,0
9864,8
9865,0
9866,8
9867,2
9868,7
9869,2
987,7
9870,5
9871,8
9872,8
9873,3
9874,8
9875,8
9876,6
9877,5
9878,6
9879,1
988,0
9880,3
9881,8
9882,2
9883,8
9884,0
9885,4
9886,8
9887,8
9888,5
9889,8
989,0
9890,1
9891,0
9892,2
9893,0
9894,5
9895,3
9896,2
9897,8
9898,0
9899,8
99,5
990,0
9900,8
9901,6
9902,6
9903,7
9904,5
9905,6
9906,2
9907,6
9908,2
9909,5
991,7
9910,0
9911,6
9912,0
9913,1
9914,0
9915,5
9916,6
9917,0
9918,0
9919,6
992,5
9920,0
9921,2
9922,2
9923,0
9924,6
9925,5
9926,6
9927,6
9928,2
9929,2
993,0
9930,8
9931,6
9932,4
9933,2
9934,1
9935,8
9936,2
9937,8
9938,2
9939,0
994,0
9940,6
9941,0
9942,7
9943,8
9944,0
9945,8
9946,6
9947,6
9948,6
9949,2
995,0
9950,3
9951,8
9952,5
9953,1
9954,6
9955,6
9956,6
9957,0
9958,6
9959,6
996,5
9960,2
9961,2
9962,2
9963,6
9964,6
9965,2
9966,6
9967,8
9968,8
9969,8
997,7
9970,5
9971,2
9972,6
9973,8
9974,6
9975,2
9976,6
9977,2
9978,2
9979,0
998,5
9980,3
9981,1
9982,6
9983,2
9984,7
9985,0
9986,0
9987,0
9988,5
9989,2
999,1
9990,0
9991,8
9992,6
9993,4
9994,6
9995,6
9996,6
9997,6
9998,6
9999,0
